,Frequency,Location,PLU,ItemName,Most_Recent_LoggedDate
0,434,Dedham,46000007582,Chicken Tenders,2019-12-15
1,345,Dedham,46000060414,Macaroni & Cheese,2019-12-15
2,308,Dedham,46000064443,Mom's Chicken Soup,2019-12-15
3,283,Dedham,46000057474,Mashed Potatoes,2019-12-15
4,257,Dedham,46000064891,Steamed Broccoli,2019-12-15
5,238,Dedham,46000025411,Beef Cavatappi Chop Suey,2019-12-15
6,229,Dedham,46000016511,Nana's Chicken Noodle Soup,2019-12-15
7,227,Dedham,46000018075,Sublime Swine Smoked Pulled Pork ,2019-12-15
8,192,Dedham,46000063709,Buffalo Wings,2019-12-15
9,179,Dedham,46000016509,New England Clam Chowder,2019-12-15
10,175,Dedham,46000020405,Sauteed Kale w/ Mushrooms ,2019-12-12
11,172,Dedham,46000018499,Lentil Dal & Spinach Soup,2019-12-15
12,170,Dedham,46000028962,Maria's Beef Meatballs ,2019-12-15
13,170,Dedham,46000008373,Teriyaki Wings,2019-12-15
14,169,Dedham,46000010510,Collard Greens w/ Garlic ,2019-12-15
15,164,Dedham,26747000000,Cajun Wedged Sweet Potatoes ,2019-12-12
16,159,Dedham,46000019137,Lemon Garlic Broccolini,2019-12-15
17,128,Dedham,46000063712,Bangkok Wings,2019-12-15
18,123,Dedham,46000057669,Buttered Cabbage,2019-12-15
19,122,Dedham,46000003990,"Macaroni & Cheese, Buffalo Bleu",2019-12-08
20,122,Dedham,46000026168,Turmeric Kale Rice,2019-12-15
21,120,Dedham,46000005678,Chicken Cacciatore ,2019-11-19
22,118,Dedham,46000059700,Ham & Cheese Omelet,2019-12-15
23,116,Dedham,46000008060,"Meatloaf, BBQ Beef",2019-12-05
24,114,Dedham,46000029960,"Chicken, Mangalore Ghee ",2019-12-15
25,113,Dedham,46000007290,Curried Cauliflower,2019-12-15
26,112,Dedham,46000029962,"Chicken, Spicy Kerala Pepper",2019-12-15
27,108,Dedham,46000059993,Roasted Eggplant,2019-12-13
28,107,Dedham,46000018077,Garlic Parm & Pepper Potatoes,2019-12-15
29,96,Dedham,46000059699,Egg White & Spinach Scramble,2019-12-15
30,95,Dedham,46000064940,Scrambled Eggs,2019-12-14
31,94,Dedham,46000064890,Green Beans with Roasted Garlic ,2019-12-15
32,89,Dedham,46000058382,Breakfast Potatoes,2019-12-14
33,89,Dedham,46000018074,Smoked Boneless Chicken Thighs,2019-10-23
34,86,Dedham,46000018498,Double Cheddar Broccoli Soup,2019-12-15
35,84,Dedham,46000029958,"Sweet Potato, Mangalore Ghee with Spinach ",2019-12-15
36,83,Dedham,46000020411,Chili Garlic Cauliflower,2019-12-15
37,83,Dedham,46000065097,Sausage Patties ,2019-12-12
38,83,Dedham,46000016512,Tomato Parmesean Soup,2019-12-15
39,82,Dedham,46000063819,Blueberry Lemon Pancakes,2019-12-15
40,79,Dedham,46000004910,Beef Chili,2019-12-14
41,78,Dedham,46000008996,Tofu Breakfast Scramble,2019-12-12
42,77,Dedham,46000060011,Bacon ,2019-12-12
43,75,Dedham,46000065008,Turkey Bacon ,2019-12-12
44,73,Dedham,46000001661,Plantains,2019-12-11
45,71,Dedham,46000029957,"Vegetable Korma, Hyderabadi Cashew",2019-11-18
46,67,Dedham,46000059701,Olive Tomato Parsley Pollock,2019-10-21
47,66,Dedham,46000064784,Roasted Sweet Potatoes,2019-12-15
48,65,Dedham,46000057444,Lemon Rice,2019-12-05
49,56,Dedham,46000018076,Blackened Potatoes,2019-12-10
50,49,Dedham,46000004909,Turkey Chili,2019-11-19
51,43,Dedham,46000055768,Cantalope,2019-11-29
52,43,Dedham,46000055863,Romaine Lettuce,2019-11-23
53,41,Dedham,46000055836,Honeydew Melon,2019-12-08
54,39,Dedham,46000055938,Strawberries,2019-12-08
55,37,Dedham,46000055744,Blackberries,2019-12-15
56,37,Dedham,46000027163,Potato & Scallion Salad ,2019-12-08
57,37,Dedham,46000013170,Seasonal Citrus ,2019-11-19
58,35,Dedham,46000055923,Baby Spinach,2019-12-04
59,35,Dedham,27661300000,Bistro Pasta Salad ,2019-11-15
60,34,Dedham,46000055747,Blueberries,2019-11-03
61,34,Dedham,46000024077,Chinese Black Pepper Green Beans ,2019-12-04
62,34,Dedham,46000055892,Peas,2019-12-02
63,32,Dedham,46000024075,Fennel Pistachio Lemon Vin Salad,2019-11-01
64,32,Dedham,26120900000,Garlic Parmesan Pasta,2019-11-01
65,32,Dedham,46000063050,Spring Mix,2019-11-03
66,31,Dedham,46000055793,Corn ,2019-11-03
67,31,Dedham,46000064399,Greek Salad,2019-11-21
68,31,Dedham,46000055834,Hearts of Palm,2019-12-12
69,31,Dedham,46000055827,Red Grapes ,2019-11-25
70,30,Dedham,46000064783,Grilled Tofu,2019-12-02
71,30,Dedham,27661900000,Roman Cappellini Pasta Salad ,2019-11-03
72,30,Dedham,46000018400,Tortellini & Sopressata ,2019-11-01
73,29,Dedham,46000064603,Golden Sesame Tofu ,2019-11-03
74,29,Dedham,28452000000,Grilled Chicken,2019-11-10
75,29,Dedham,46000007609,Kale & Brussel Sprout Salad,2019-11-01
76,29,Dedham,46000024076,Lemon Artichoke Slaw,2019-10-31
77,29,Dedham,46000024081,Mexican Caesar Salad,2019-11-03
78,28,Dedham,27994400000,Beets w/ Sherry Vinaigrette,2019-11-01
79,28,Dedham,46000064401,Caesar Salad,2019-11-03
80,27,Dedham,46000006607,Black Beans,2019-11-29
81,27,Dedham,46000055848,Kidney Beans,2019-11-29
82,27,Dedham,46000064022,Mesclun Goat Cheese Salad,2019-11-03
83,26,Dedham,46000055823,Gigande,2019-11-03
84,25,Dedham,46000055943,Grape Tomatoes ,2019-11-03
85,25,Dedham,46000055842,Kale,2019-11-03
86,25,Dedham,46000056506,Roasted Garlic ,2019-11-25
87,23,Dedham,46000055714,Arugula,2019-11-03
88,23,Dedham,46000005582,Carrot Ginger Coconut Soup,2019-11-25
89,23,Dedham,46000064881,Challah French Toast,2019-12-14
90,23,Dedham,46000024079,Chickpea Asparagus Radicchio ,2019-10-22
91,23,Dedham,46000055807,Edamame,2019-10-30
92,23,Dedham,46000055832,Hard Boiled Eggs ,2019-10-31
93,23,Dedham,46000024575,Marinated Feta,2019-10-31
94,22,Dedham,46000027069,Champagne Dijon Potato Salad,2019-10-24
95,22,Dedham,46000025181,Chophouse Steak Salad ,2019-11-26
96,22,Dedham,46000058735,Dolmas,2019-12-15
97,22,Dedham,46000022419,Kale White Bean Salad ,2019-10-24
98,22,Dedham,46000055736,Mixed Peppers,2019-11-03
99,22,Dedham,46000055903,Pineapple,2019-11-03
100,22,Dedham,27848700000,Spinach Feta Orzo Salad,2019-11-01
101,21,Dedham,46000060270,BBQ Wings,2019-11-26
102,21,Dedham,46000063817,Corned Beef Hash,2019-12-15
103,21,Dedham,46000007477,Summer Squash ,2019-10-28
104,20,Dedham,46000003326,Cook Falafel,2019-12-10
105,20,Dedham,46000055820,Garbanzo Beans,2019-10-29
106,19,Dedham,46000018079,Honey Jalapeno Wings,2019-11-03
107,19,Dedham,46000060285,Sweet Potato & Vidalia Onion,2019-10-16
108,17,Dedham,46000059426,Snap Peas,2019-11-03
109,17,Dedham,46000007476,Zucchini ,2019-12-08
110,16,Dedham,46000059365,Citrus Marinated Olives,2019-10-30
111,15,Dedham,46000055812,Farro,2019-10-18
112,15,Dedham,46000055729,Golden Beets,2019-11-29
113,15,Dedham,46000004373,Mushroom & Barley Soup,2019-10-22
114,15,Dedham,46000003438,Sweet & Spicy Kale Pad Thai,2019-11-15
115,15,Dedham,46000013789,Vegan Split Pea Soup,2019-10-13
116,13,Dedham,46000055911,Red Quinoa,2019-10-14
117,13,Dedham,46000020425,Roasted Butternut Squash,2019-12-15
118,13,Dedham,46000059425,Roasted Red Peppers,2019-10-14
119,12,Dedham,46000010550,Roasted Mushrooms ,2019-10-14
120,11,Dedham,46000018433,Berry Power Salad,2019-10-13
121,10,Dedham,46000024072,Mediterranean Salmon Salad ,2019-10-31
122,10,Dedham,46000022040,Swedish Meatballs,2019-12-15
123,7,Dedham,46000027159,Chicken & Scallion Salad,2019-11-21
124,7,Dedham,46000015079,Chicken Pasta Caesar Salad,2019-10-05
125,7,Dedham,46000030045,Maple Mashed Sweet Potatoes,2019-12-15
126,7,Dedham,46000021385,Mashed Avocado,2019-12-14
127,6,Dedham,46000059671,Hummus,2019-10-13
128,5,Dedham,46000011745,"Cauliflower, Curry Roasted with Peas ",2019-11-14
129,4,Dedham,46000029959,"Beef, Spicy Black Pepper Curry ",2019-12-08
130,4,Dedham,46000026169,Bombay Potatoes,2019-12-12
131,4,Dedham,46000025643,Broccoli Cheddar Quiche,2019-11-30
132,4,Dedham,46000014656,Chicken Marsala,2019-12-12
133,3,Dedham,46000029961,"Chicken Korma, Hyderabadi Cashew ",2019-10-10
134,3,Dedham,46000057439,Chicken Tikka Masala,2019-12-08
135,3,Dedham,46000028996,Paleo Roasted Squash Zucchini,2019-12-14
136,3,Dedham,46000025644,Quiche Lorraine,2019-11-23
137,2,Dedham,46000028877,"Broccoli Rabe, Roasted Garlic ",2019-12-12
138,2,Dedham,46000024976,"Chicken, Mushroom Herb",2019-12-05
139,2,Dedham,46000022022,Creamed Spinach & Kale Kettle ,2019-10-19
140,2,Dedham,46000028995,Paleo Roasted Butternut Squash,2019-12-04
141,2,Dedham,46000010140,"Potatoes, Patate Al Forne",2019-10-17
142,2,Dedham,46000020414,"Squash, Mashed Butternut ",2019-12-05
143,1,Dedham,46000029060,"Cauliflower, Sicilian ",2019-10-24
144,1,Dedham,46000007289,"Chicken, Baked Texas BBQ ",2019-12-09
145,1,Dedham,46000064572,Lemon Parsley Pollock ,2019-12-11
146,1,Dedham,46000029304,"Meatballs, Beef Mushroom & Herb ",2019-12-02
147,1,Dedham,46000027005,Mediterranean Sweet Potato ,2019-12-12
148,1,Dedham,9948248557,SOUP AROMATIC BUTTERNUT,2019-12-15
149,1,Dedham,46000029504,"Sausage, Grilled with Broccoli Rabe",2019-10-17
150,1,Dedham,46000026023,Thai Coconut Shrimp Soup,2019-11-19
151,1,Dedham,46000020417,Traditional Herb Stuffing,2019-12-08
152,0,Dedham,46000006973,Grilled Cajun Chicken Thighs,
153,0,Dedham,46000018070,Cow Bell Hell Smoked Beef Tips ,
154,0,Dedham,46000026998,Blistered Tom & Artichoke Pork Loin ,
155,0,Dedham,46000026991,Za'atar Eggplant,
156,0,Dedham,46000027003,Pistachio Parsley Rice,
157,0,Dedham,46000026992,Honey Pistachio Green Beans,
158,0,Dedham,46000024224,Garlic Zucchini,
159,0,Dedham,46000007355,Roasted Broccoli,
160,0,Dedham,46000006106,Chicken Parmesan ,
161,0,Dedham,46000014728,"Kale, Garlic Wine",
162,0,Dedham,46000020370,"Potatoes, Cider Mustard ",
163,0,Dedham,46000024571,"Carrots, Salt & Vinegar",
164,0,Dedham,46000028979,"Brussel Sprouts, Sweet & Sour",
165,0,Dedham,46000028980,"Green Beans, Caraway Dill",
166,0,Dedham,46000020371,"Pork, Loin Cider Mustard ",
167,0,Dedham,46000020768,Roasted Bier Brats with Apples & Cabbage Oktoberfest,
168,0,Dedham,46000064571,"Pollock, Lemon Dill ",
169,0,Dedham,46000012679,"Chicken, Orange",
170,0,Dedham,46000060410,"Lasagna, Cheese Severino",
171,0,Dedham,46000026987,"Chicken Thighs, Garlic & Herb",
172,0,Dedham,46000064878,"Fries, Waffle ",
173,0,Dedham,46000017196,"Pollock, Sweet Chili ",
174,0,Dedham,46000029305,"Meatloaf, Creamy Smoked Mushroom ",
175,0,Dedham,46000029300,"Cauliflower, Wedges with Butternut Orange Sauce ",
176,0,Dedham,46000029309,"Potatoes, Fingerling Fried Salt & Vinegar ",
177,0,Dedham,46000024415,"Passover, Rosemary Roasted Potatoes with Lemon ",
178,0,Dedham,46000029307,"Pot Pie, Chicken Mushroom Bacon ",
179,0,Dedham,46000029308,"Pot Pie, Turkey Mushroom Bacon ",
180,0,Dedham,46000029302,"Fish, Baked with Butternut Sauce Garlic & Chili ",
181,0,Dedham,46000029306,"Pierogi, Sauerkraut & Sweet Potato",
182,0,Dedham,46000029299,"Brussels Sprouts, Cacio e Pepe ",
183,0,Dedham,46000029301,"Chicken Breast, Apple Cider Glazed",
184,0,Dedham,46000029310,"Romanesco, Autumn with Vegan Parmesan",
185,0,Dedham,46000029303,"Macaroni & Cheese, Butternut",
186,0,Dedham,46000013171,Turmeric Roasted Sweet Potatoes,
187,0,Dedham,46000029918,"Tofu, Ginger Coriander",
188,0,Dedham,46000028909,"Chicken Breast, Mustard Ale Glazed ",
189,0,Dedham,46000028908,"Carrots, Apple Cider Glazed ",
190,0,Dedham,46000028911,"Potatoes, Roasted with Dill & Mustard Ale ",
191,0,Dedham,46000028910,"Greens, Apple Cider ",
192,0,Dedham,46000028907,"Brussels Sprouts, Mustard Ale Sauce",
193,0,Dedham,46000028906,Roasted Brussels w/ Pickled Pepper Vinaigrette,
194,0,Dedham,46000029434,Chicken Game Day Salad,
195,0,Dedham,46000028876,Carrot Cranberry Salad,
196,0,Dedham,46000029438,Waldorf Tofu Salad,
197,0,Dedham,46000028992,Paleo Roasted Cremini Mushrooms,
198,0,Dedham,46000028993,Paleo Roasted Red Bell Peppers,
199,0,Dedham,46000028994,Paleo Roasted Romanesco,
200,0,Dedham,46000030026,Roasted Salt & Pepper Turkey Breast & Gravy,
201,0,Dedham,46000060421,Creamy Mashed Potatoes,
202,0,Dedham,46000030037,Green Beans & Shallots,
203,0,Dedham,46000060718,Saffron Rice,
204,0,Dedham,26264800000,Cajun Turkey,
205,0,Dedham,46000006964,"Salad, Chicken Balsamic with Vegetables NA",
206,0,Dedham,46000011879,"Salad, Quinoa with Celeriac & Apples SB NA",
207,0,Dedham,46000021987,"Salad, Cranberry Orange Kale SB NA",
208,0,Dedham,46000063905,"Salad, Broccoli Crunch RFG CE",
209,0,Dedham,46000060727,"Celery, bias cut",
210,0,Dedham,46000063687,Purple Cauliflower,
211,0,Dedham,46000055829,Blanched Green Beans,
212,0,Dedham,46000063681,Red Grape Tomatoes,
213,0,Dedham,46000018408,"Cauliflower, Kounoupidi with Pistachios & Mint HB NA",
214,0,Dedham,46000026993,"Green Beans, Tomato Garlic HB NA",
215,0,Dedham,46000018440,"Rice, Spanakorizo HB NA",
216,0,Dedham,46000025412,"Beef, Feta Olive HB NA",
217,0,Dedham,46000018407,"Potatoes, Patates Psites HB NA",
218,0,Dedham,46000030013,traditional latkes,
219,0,Dedham,46000030039,"Green Beans, Mushrooms & Tehina 1.5lb eStore CE",
220,0,Dedham,46000030036,"Eggplant, Twice Cooked 2lb eStore CE",
221,0,Dedham,46000030015,Leek & Potato Cakes 2lb Chef LMT eStore CE,
222,0,Dedham,46000030029,"Chicken, Schnitzel with Apple Amba 4lb eStore CE",
223,0,Dedham,9948248927,ALPHABET SOUP,
224,0,Dedham,9948248921,SOUP VEGAN PUMPKIN,
225,0,Dedham,9948248923,JERK CHICKEN,
226,0,Dedham,9948248931,QUINOA CHILI,
227,0,Dedham,9948248935,SOUP CREAMY MUSHROOM,
228,0,Dedham,66797875742,SOUP ITALIAN WEDDING,
229,0,Dedham,46000021749,Ruby Red Grapefruit Rounds,
230,0,Dedham,46000029640,Opal Apple,
231,0,Dedham,46000062563,Pomegranate Seeds,
232,560,Hingham,46000015070,Chicken Tenders,2019-12-15
233,348,Hingham,46000064891,Steamed Broccoli,2019-12-15
234,328,Hingham,46000060414,Macaroni & Cheese,2019-12-15
235,238,Hingham,46000016508,Moms Chicken Soup,2019-12-15
236,210,Hingham,46000057583,Potato Samosa,2019-12-15
237,206,Hingham,46000025411,Beef Cavatappi Chop Suey,2019-12-15
238,199,Hingham,46000057439,Chicken Tikka Masala,2019-12-15
239,198,Hingham,46000016511,Nanas Chicken Noodle Soup,2019-12-14
240,197,Hingham,46000057474,Mashed Potatoes,2019-12-15
241,181,Hingham,46000007356,Roasted Cauliflower,2019-12-15
242,176,Hingham,46000060011,Maple Dry Rub Bacon,2019-12-15
243,173,Hingham,46000005582,Carrot Ginger Coconut Soup,2019-12-13
244,173,Hingham,46000064940,Scrambled Eggs,2019-12-14
245,169,Hingham,26661900000,Roasted Garlic & Herb Half Rotisserie Chicken,2019-12-15
246,168,Hingham,46000058366,Curry Chicken,2019-12-15
247,162,Hingham,46000057364,Vegetable Korma,2019-12-15
248,156,Hingham,46000016509,New England Clam Chowder,2019-12-15
249,145,Hingham,46000020867,Loaded Cheeseburger Macaroni & Cheese,2019-12-14
250,135,Hingham,46000018496,Beef Chili with Beans,2019-12-15
251,125,Hingham,46000026987,Garlic Herb Chicken Thighs,2019-11-17
252,120,Hingham,46000016512,Tomato Parmesan Soup,2019-12-13
253,115,Hingham,46000064571,Lemon Dill Pollock,2019-12-15
254,106,Hingham,46000030026,Roasted Salt & Pepper Turkey Breast & Gravy,2019-12-15
255,102,Hingham,46000018499,Lentil Dal & Spinach Soup,2019-12-15
256,101,Hingham,46000030555,Red Pepper Fried Rice,2019-12-11
257,98,Hingham,46000060421,Creamy Mashed Potatoes,2019-12-15
258,96,Hingham,46000005678,Chicken Cacciatore,2019-12-13
259,93,Hingham,46000063821,Pumpkin Pancakes,2019-12-13
260,92,Hingham,46000050492,Scrambled Egg Whites,2019-12-15
261,91,Hingham,46000024654,Breakfast Sausage,2019-12-14
262,90,Hingham,46000018498,Double Cheddar Broccoli Soup,2019-12-11
263,90,Hingham,46000028962,Maria's Beef Meatballs,2019-12-15
264,88,Hingham,46000030553,Thai Peanut Chicken Thighs,2019-12-12
265,87,Hingham,46000062848,Roasted Tomatoes,2019-12-15
266,85,Hingham,46000058382,Breakfast Potatoes,2019-12-15
267,83,Hingham,46000029306,Sauerkraut & Sweet Potato Pierogis,2019-12-15
268,82,Hingham,46000059679,Sautéed Peppers & Onions,2019-12-15
269,82,Hingham,46000017196,Sweet Chili Pollock,2019-12-11
270,79,Hingham,46000064784,Roasted Sweet Potato,2019-12-15
271,78,Hingham,46000064385,Brown Rice,2019-12-15
272,74,Hingham,46000064890,Green Beans with Roasted Garlic,2019-11-15
273,73,Hingham,46000064386,Cooked White Rice,2019-12-15
274,73,Hingham,46000008996,Tofu Breakfast Scramble,2019-12-13
275,71,Hingham,46000025410,Fried Pollock,2019-11-23
276,63,Hingham,46000007360,Organic Fresh Fields Greens,2019-12-13
277,63,Hingham,46000030552,Sweet Chili Green Beans,2019-12-09
278,57,Hingham,46000006968,Spicy Broccoli,2019-12-13
279,56,Hingham,46000064401,Caesar Salad,2019-12-15
280,56,Hingham,46000011086,Vegetable Spring Rolls,2019-12-10
281,54,Hingham,46000022022,Creamed Spinach & Kale,2019-12-08
282,53,Hingham,28452000000,Grilled Chicken Breast,2019-12-03
283,49,Hingham,46000028911,Roasted Mustard Ale Potatoes & Dill,2019-12-10
284,48,Hingham,46000029497,Agrodulce Carrots,2019-11-25
285,47,Hingham,46000019792,Broccoli & Grilled Sweet Onions,2019-12-10
286,47,Hingham,46000000782,Cranberry Walnut Kale Salad,2019-12-13
287,47,Hingham,46000055863,Romaine Lettuce,2019-12-13
288,46,Hingham,46000021989,Cranberry Cashew Brussels Sprouts Salad,2019-12-11
289,45,Hingham,46000020371,Cider Mustard Pork Loin,2019-11-11
290,45,Hingham,46000029305,Creamy Smoked Mushroom Meatloaf,2019-12-10
291,43,Hingham,46000008487,Cucumbers,2019-11-22
292,42,Hingham,46000064400,Mesclun Goat Cheese Salad,2019-12-15
293,41,Hingham,46000028994,Paleo Friendly Roasted Romanesco,2019-12-05
294,40,Hingham,46000018399,Honey Mustard Chicken & Spinach Salad,2019-12-07
295,40,Hingham,46000020417,Traditional Herb Stuffing,2019-12-04
296,39,Hingham,46000064658,Sesame Chicken Salad,2019-12-13
297,39,Hingham,46000003328,Spinach Feta Orzo,2019-12-12
298,38,Hingham,46000055341,Cauliflower & Radicchio Salad,2019-12-13
299,38,Hingham,46000030037,Green Beans & Shallots,2019-12-14
300,37,Hingham,46000030554,Ginger Lime Sweet Potato with Crispy Onion,2019-12-09
301,36,Hingham,46000028908,Apple Cider Glazed Carrots,2019-12-15
302,36,Hingham,46000055340,Broccolini & Bowtie Pasta Salad,2019-12-13
303,36,Hingham,46000055777,Celery,2019-12-13
304,36,Hingham,46000055825,Green Grapes,2019-12-13
305,36,Hingham,46000055832,Hard Boiled Egg,2019-10-23
306,36,Hingham,46000055917,Radishes,2019-11-29
307,35,Hingham,46000055714,Arugula,2019-12-13
308,35,Hingham,46000029299,Cacio e Pepe Brussels Sprouts,2019-12-14
309,35,Hingham,46000063908,Hearts of Palm Salad,2019-12-09
310,34,Hingham,46000055742,Black Beans,2019-12-05
311,34,Hingham,46000014320,Butternut Squash Salad,2019-12-10
312,34,Hingham,46000024077,Chinese Black Pepper Green Beans,2019-11-27
313,34,Hingham,46000007337,Cooked Red Beets,2019-11-12
314,34,Hingham,46000028995,Paleo Friendly Roasted Butternut Squash,2019-12-10
315,33,Hingham,46000064572,Lemon Parsley Pollock,2019-12-11
316,33,Hingham,46000055893,Organic Peas,2019-12-13
317,33,Hingham,46000055881,Organic Red Onions,2019-12-05
318,33,Hingham,46000028992,Paleo Friendly Roasted Cremini Mushrooms,2019-11-20
319,33,Hingham,46000006971,Spanish Potato Salad,2019-12-08
320,32,Hingham,46000021416,Artichoke Hearts,2019-11-12
321,32,Hingham,46000055751,Broccoli,2019-10-31
322,32,Hingham,46000055820,Garbanzo Beans,2019-11-26
323,32,Hingham,46000059671,Hummus,2019-11-22
324,32,Hingham,24249500000,Italian Style Roast Beef,2019-12-08
325,32,Hingham,46000064395,Low Fat Vanilla Yogurt,2019-12-15
326,32,Hingham,46000055736,Mixed Bell Peppers,2019-10-23
327,32,Hingham,46000028996,Paleo Friendly Roasted Zucchini,2019-12-07
328,31,Hingham,46000058346,Chickpea Salad,2019-12-14
329,31,Hingham,46000030030,Collard Greens & Tomatoes,2019-12-11
330,31,Hingham,46000058735,Dolmas,2019-11-15
331,31,Hingham,46000060636,Feta Cheese,2019-12-14
332,31,Hingham,46000028993,Paleo Friendly Roasted Red Bell Peppers,2019-10-27
333,30,Hingham,46000064399,Greek Salad,2019-12-15
334,30,Hingham,46000007338,Kalamata Olives,2019-11-12
335,30,Hingham,46000055794,Organic Corn,2019-12-13
336,29,Hingham,46000007288,Blue Cheese Crumbles,2019-10-23
337,29,Hingham,46000055775,Cauliflower,2019-12-13
338,29,Hingham,46000064782,Eggless Tofu Salad,2019-10-23
339,29,Hingham,46000064783,Grilled Tofu,2019-11-07
340,29,Hingham,46000023228,Mushroom & Herb Meatloaf,2019-11-30
341,29,Hingham,46000056506,Roasted Garlic,2019-10-23
342,29,Hingham,46000055933,Spinach,2019-12-13
343,28,Hingham,46000060637,Goat Cheese,2019-10-23
344,28,Hingham,46000007116,Grated Parmesan,2019-10-23
345,28,Hingham,46000059425,Roasted Red Peppers,2019-12-12
346,28,Hingham,46000013171,Turmeric Roasted Sweet Potatoes,2019-10-23
347,28,Hingham,46000059666,Tzatziki,2019-10-23
348,28,Hingham,46000064396,Vanilla Almond Granola,2019-10-23
349,27,Hingham,46000029439,Apple Cheddar Brussels Sprout Slaw,2019-12-11
350,26,Hingham,46000029302,Butternut Pollock with Garlic & Chili,2019-11-17
351,26,Hingham,46000029433,Roasted Beets with Pear & Cranberry,2019-12-06
352,25,Hingham,46000063709,Buffalo Chicken Wings,2019-12-03
353,24,Hingham,46000029845,Cranberry Beans,2019-12-14
354,24,Hingham,46000055772,Shredded Carrots,2019-10-23
355,23,Hingham,27089400000,Grilled Salmon,2019-10-25
356,23,Hingham,46000030044,Mushroom Etouffee,2019-12-14
357,22,Hingham,46000064906,Moroccan Beet Salad,2019-12-10
358,21,Hingham,46000028910,Apple Cider Greens,2019-11-13
359,21,Hingham,46000028909,Mustard Ale Glazed Chicken Breast,2019-12-12
360,21,Hingham,46000029060,Sicilian Cauliflower,2019-12-10
361,20,Hingham,46000028876,Carrot Cranberry Salad,2019-11-15
362,20,Hingham,46000059427,Snow Peas,2019-10-18
363,20,Hingham,46000059704,Teriyaki Chicken Thighs,2019-12-15
364,19,Hingham,46000025168,Charred Broccolini Caesar Salad,2019-12-13
365,18,Hingham,46000020405,Kale Sauteed with Mushrooms,2019-11-14
366,18,Hingham,46000055943,Tomatoes,2019-10-23
367,17,Hingham,46000029440,Cheese Tortellini with Kale & Apple,2019-12-10
368,17,Hingham,46000020370,Cider Mustard Potatoes,2019-11-14
369,17,Hingham,46000003326,Falafel,
370,17,Hingham,46000011087,Zucchini Noodles,2019-12-13
371,16,Hingham,46000007289,Baked Barbeque Chicken,2019-12-11
372,16,Hingham,46000007160,Chicken Caesar Pasta Salad,2019-11-24
373,16,Hingham,46000029498,Fig Balsamic Mushrooms,2019-11-12
374,16,Hingham,46000029434,Game Day Chicken Salad with Bacon,2019-11-16
375,16,Hingham,46000029437,Roasted Turkey and Apricot Salad,2019-12-13
376,16,Hingham,46000025414,Stuffed Peppers with Beef & Mixed Rice,2019-12-13
377,16,Hingham,27690800000,Sweet Chili Tofu,2019-12-12
378,15,Hingham,46000028906,Pickled Pepper Brussels Sprouts,2019-12-12
379,15,Hingham,46000029436,Spicy Peanut Tofu Curry,2019-12-15
380,15,Hingham,46000008373,Teriyaki Chicken Wings,2019-12-04
381,14,Hingham,46000059670,Sesame Noodles,2019-12-02
382,14,Hingham,46000029308,Turkey Mushroom Bacon Pot Pie,2019-11-12
383,13,Hingham,46000029438,Baked Tofu Waldorf Salad,2019-11-15
384,13,Hingham,46000016104,Organic Rainbow Cherry Tomato,2019-10-22
385,13,Hingham,46000028964,Roasted Cauliflower with Peppadews,2019-12-08
386,13,Hingham,46000063814,Tofu Pepper Scramble,2019-12-14
387,11,Hingham,46000029301,Chicken Breast with Apples & Bacon,2019-12-15
388,11,Hingham,46000029307,Chicken Mushroom Bacon Pot Pie,2019-11-13
389,11,Hingham,46000004373,Mushroom & Barley Soup,2019-12-14
390,11,Hingham,26488200000,Steel Cut Oatmeal,2019-11-18
391,10,Hingham,46000028875,Curry Caulilini & Roasted Grape,2019-12-13
392,10,Hingham,9948248921,SOUP VEGAN PUMPKIN,2019-12-15
393,8,Hingham,46000028899,Balsamic Chicken Thighs,2019-12-01
394,8,Hingham,46000025412,"Beef, Feta Olive HB NA",2019-12-15
395,8,Hingham,46000025412,"Beef, Feta Olive HB NA",2019-10-04
396,8,Hingham,46000027416,Caribbean Mango Chicken Wings,2019-10-18
397,8,Hingham,46000064603,Golden Sesame Tofu,2019-10-07
398,8,Hingham,46000015649,Lemon Parsley Haddock,2019-12-07
399,8,Hingham,46000055932,Organic Spinach,2019-10-22
400,8,Hingham,46000058486,Prosciutto Roasted Brussels Sprouts,2019-11-04
401,8,Hingham,9948248557,SOUP AROMATIC BUTTERNUT,2019-12-14
402,8,Hingham,46000024571,Salt & Vinegar Carrots,2019-11-14
403,8,Hingham,46000007293,Thai Chili Baked Chicken,2019-11-17
404,8,Hingham,46000029637,Yellow Wax Beans,2019-11-11
405,8,Hingham,46000014704,Zucchini Roasted Tomatoes,2019-10-26
406,7,Hingham,46000029435,Cremini Insalata Tricolore,2019-11-30
407,7,Hingham,46000055738,Red Bell Peppers,2019-11-21
408,7,Hingham,46000013789,Split Pea Soup,2019-10-17
409,6,Hingham,46000018408,"Cauliflower, Kounoupidi with Pistachios & Mint HB NA",2019-12-15
410,6,Hingham,46000028907,Mustard Ale Brussels Sprouts,2019-10-31
411,6,Hingham,46000059701,"Pollock, Olive Tomato & Parsley HSH NA",2019-12-15
412,6,Hingham,46000055770,Rainbow Carrots,2019-10-23
413,6,Hingham,46000029309,Salt & Vinegar Fingerling Potatoes,2019-12-14
414,5,Hingham,46000063819,Blueberry Lemon Pancakes,2019-11-15
415,5,Hingham,46000029300,Butternut Orange Cauliflower Wedges,2019-11-12
416,5,Hingham,46000028980,Caraway & Dill Green Beans,2019-10-06
417,5,Hingham,46000024580,Garlic Broccoli Rabe,2019-12-15
418,5,Hingham,46000026993,"Green Beans, Tomato Garlic HB NA",2019-12-15
419,5,Hingham,46000026993,"Green Beans, Tomato Garlic HB NA",2019-10-31
420,5,Hingham,46000055911,Red Quinoa,2019-10-22
421,5,Hingham,46000018440,"Rice, Spanakorizo HB NA",2019-12-14
422,4,Hingham,46000030014,Black Eyed Pea Fritters,2019-11-30
423,4,Hingham,46000064602,Garlic Green Beans,2019-11-14
424,4,Hingham,46000064581,Grilled Zucchini,2019-10-23
425,4,Hingham,26490600000,Ham & Egg Sandwich,2019-11-26
426,4,Hingham,46000029304,Mushroom & Herb Beef Meatballs,2019-12-11
427,4,Hingham,46000029500,Pollock Puttanesca,2019-11-11
428,4,Hingham,46000028979,Sweet & Sour Brussels Sprouts,2019-11-14
429,4,Hingham,46000026991,Za'atar Roasted Eggplant,2019-10-04
430,3,Hingham,46000018643,Black Beans & Brown Rice with Scallions,2019-10-18
431,3,Hingham,22785600000,Breaded Chicken Tender,2019-11-11
432,3,Hingham,46000020411,Chili Garlic Roasted Cauliflower,2019-10-22
433,3,Hingham,46000004680,Chipotle Macaroni & Cheese,2019-10-29
434,3,Hingham,46000026989,Grilled Lemon Parsley Chicken Quarters,2019-10-03
435,3,Hingham,46000007334,Grilled Peppers,2019-10-21
436,3,Hingham,46000007335,Grilled Red Onions,2019-10-21
437,3,Hingham,46000055715,Organic Arugula,2019-10-16
438,3,Hingham,46000029501,Pancetta & Sage Sweet Potatoes,2019-10-25
439,3,Hingham,46000060277,Potato Skins with Sour Cream & Chives,2019-12-04
440,3,Hingham,46000050194,Quiche Florentine,2019-12-06
441,2,Hingham,46000008060,BBQ Beef Meatloaf,2019-12-01
442,2,Hingham,46000008442,"Beet, Kale, and Mango Salad",2019-12-13
443,2,Hingham,46000005957,Black Pepper,2019-12-12
444,2,Hingham,46000063820,Buttermilk Pancakes,2019-11-11
445,2,Hingham,46000060410,Cheese Lasagna,2019-11-29
446,2,Hingham,46000007115,Dried Cranberries,2019-11-05
447,2,Hingham,46000014728,Garlic Wine Kale,2019-10-23
448,2,Hingham,46000019783,Harissa Grilled Chicken Thighs,2019-10-03
449,2,Hingham,46000064443,Manhattan Clam Chowder,2019-11-23
450,2,Hingham,46000024976,Mushroom Herb Chicken,2019-11-10
451,2,Hingham,46000055918,Organic Radish,2019-12-03
452,2,Hingham,46000055923,Organic Roasted Sweet Potatoes,2019-10-17
453,2,Hingham,46000011487,Pierogis with Fried Onions,2019-12-01
454,2,Hingham,46000018407,"Potatoes, Patates Psites HB NA",2019-12-13
455,2,Hingham,46000020373,Rainbow Roasted Carrots with Parsley,2019-11-01
456,2,Hingham,46000064480,Roasted Rainbow Carrots,2019-10-16
457,2,Hingham,9948248935,SOUP CREAMY MUSHROOM,2019-12-15
458,2,Hingham,46000021987,"Salad, Cranberry Orange Kale SB NA",2019-12-15
459,2,Hingham,46000019139,Sauteed Zucchini & Poblano,2019-11-19
460,2,Hingham,46000026993,Tomato Garlic Green Beans,2019-12-15
461,2,Hingham,46000026993,Tomato Garlic Green Beans,2019-10-31
462,2,Hingham,46000018500,Turkey Chili with White Beans,2019-10-29
463,1,Hingham,46000054348,Apple Cider Vinegar,2019-11-17
464,1,Hingham,46000011882,Apple Infused Dried Blueberries,2019-10-18
465,1,Hingham,46000055720,Balsamic Vinegar,2019-10-05
466,1,Hingham,46000025412,Beef with Feta & Olives,2019-12-15
467,1,Hingham,46000025412,Beef with Feta & Olives,2019-10-04
468,1,Hingham,46000060492,Bleu Cheese Dressing,2019-11-22
469,1,Hingham,46000060493,Buttermilk Ranch Dressing,2019-12-09
470,1,Hingham,46000063907,Carrot Harissa Salad,2019-10-16
471,1,Hingham,46000006106,Chicken Parmesan,2019-10-01
472,1,Hingham,46000060502,Chili Almond Dressing,2019-10-01
473,1,Hingham,46000026167,Couscous with Vegetables,2019-10-03
474,1,Hingham,46000063307,Cumin Roasted Carrots,2019-10-23
475,1,Hingham,26489600000,Egg & Cheese Sandwich on an English Muffin,2019-10-22
476,1,Hingham,46000011889,Fall Harvest Salad,2019-10-04
477,1,Hingham,46000008982,Fried Buffalo Cauliflower,2019-10-30
478,1,Hingham,46000005955,Furikake,2019-10-06
479,1,Hingham,46000029505,Garlic Parm Pork Loin with Broccoli Rabe,2019-10-18
480,1,Hingham,46000063711,Garlic Parmesan Chicken Wings,2019-10-01
481,1,Hingham,46000007114,Green Garbanzo Bean Salad,2019-12-11
482,1,Hingham,46000007336,Grilled Asparagus,2019-11-22
483,1,Hingham,46000064576,Grilled Portobello Mushroom,2019-10-19
484,1,Hingham,46000058734,Hearts Of Palm,2019-10-19
485,1,Hingham,46000064550,Hemp Seeds,2019-10-06
486,1,Hingham,46000020408,Honey Sriracha Fried Tofu,2019-10-29
487,1,Hingham,46000026985,Jamaican Cabbage Hot Slaw,2019-10-04
488,1,Hingham,46000007604,Kale Sauteed with Raisins,2019-11-11
489,1,Hingham,46000027005,Mediterranean Roasted Sweet Potato,2019-10-24
490,1,Hingham,46000029506,Mushroom & Kale Cavatappi Pasta,2019-10-06
491,1,Hingham,46000029846,Orange Cauliflower,2019-10-06
492,1,Hingham,46000055913,Organic Quinoa,2019-10-23
493,1,Hingham,46000029948,Paleo Friendly Chicken Salad,2019-10-04
494,1,Hingham,48000004697,Potato Swt 3/4 Dcd 4X5Lb Cv,2019-10-15
495,1,Hingham,46000008519,Roasted Apples & Parsnips,2019-12-15
496,1,Hingham,46000028877,Roasted Garlic Broccoli Rabe,2019-12-13
497,1,Hingham,46000062679,Roasted Pork with Apples & Sage,2019-10-24
498,1,Hingham,46000024415,Rosemary Roasted Potatoes with Lemon,2019-11-16
499,1,Hingham,46000007685,Salmon Caesar Salad,2019-10-01
500,1,Hingham,46000059680,Sautéed Mushrooms with Garlic,2019-11-11
501,1,Hingham,46000010080,Seafood Salad,2019-10-23
502,1,Hingham,46000025413,Skillet Beef with Corn & Black Beans,2019-10-26
503,1,Hingham,46000017413,Spicy Eggplant Harissa,2019-10-02
504,1,Hingham,46000064879,Tater Tots,2019-10-07
505,1,Hingham,46000026995,Tomato Artichoke Cavatappi,2019-10-01
506,1,Hingham,46000030025,Vegan Cornbread Dressing,2019-11-29
507,0,Hingham,26485200000,Bacon Egg & Cheese Sandwich,
508,0,Hingham,46000050193,Broccoli Cheddar Quiche,
509,0,Hingham,46000050195,Quiche Lorraine,
510,0,Hingham,46000063712,Bangkok Chicken Wings,
511,0,Hingham,46000060270,BBQ Chicken Wings,
512,0,Hingham,46000008020,Beef Hamburger Patty,
513,0,Hingham,46000014732,Beef Stew,
514,0,Hingham,46000003990,Buffalo Bleu Macaroni & Cheese,
515,0,Hingham,46000024762,Buffalo Soy Nuggets,
516,0,Hingham,46000057669,Buttered Cabbage,
517,0,Hingham,46000020412,Cheesy Fries,
518,0,Hingham,46000025814,Cumin Roasted Vegetables,
519,0,Hingham,46000006970,Hunter's Chicken Stew,
520,0,Hingham,46000064740,Lemon Walnut Green Beans,
521,0,Hingham,46000020407,Maple Roasted Sweet Potatoes,
522,0,Hingham,46000020414,Mashed Butternut Squash,
523,0,Hingham,46000012679,Orange Chicken,
524,0,Hingham,46000023229,Prosciutto & Provolone Beef Meatloaf,
525,0,Hingham,46000025810,Queso Fundido Chicken,
526,0,Hingham,46000024999,Roasted Cauliflower with Poblanos & Queso,
527,0,Hingham,46000021881,Roasted Chicken with Paprika & Olives,
528,0,Hingham,46000010510,Sauteed Collard Greens,
529,0,Hingham,46000023220,Spicy Ground Beef & Broccoli,
530,0,Hingham,46000011094,Texas Barbeque Ribs,
531,0,Hingham,46000060723,Vegetarian Black Beans,
532,0,Hingham,46000019140,Al Forno Patate Potatoes,
533,0,Hingham,46000024583,Chicken Broccoli Alfredo Pasta,
534,0,Hingham,46000024561,Eggplant Ricotta Rollatini,
535,0,Hingham,46000029504,Grilled Sausage with Broccoli Rabe,
536,0,Hingham,46000010140,Lime Chipotle Tofu,
537,0,Hingham,46000024562,Parmesan Fried Rigatoni,
538,0,Hingham,46000029503,Pumpkin Tortellini,
539,0,Hingham,46000029507,Seafood Cioppino Pasta,
540,0,Hingham,46000029517,Smashed Butternut Squash with Mascarpone,
541,0,Hingham,46000064980,Tomato Olive Chicken,
542,0,Hingham,46000029310,Autumn Romanesco with Cashew Parmesan,
543,0,Hingham,46000029303,Butternut Macaroni & Cheese,
544,0,Hingham,46000058368,Chana Masala,
545,0,Hingham,46000060719,Vegetable Panang,
546,0,Hingham,46000055707,Almonds,
547,0,Hingham,46000055774,Cashews,
548,0,Hingham,46000055785,Chia Seeds,
549,0,Hingham,46000055788,Coconut Flakes,
550,0,Hingham,81445302809,DRESSING APPLE HONEYCRISP VINAIGRETTE,
551,0,Hingham,46000006730,Dressing Balsamic Sb,
552,0,Hingham,81445302810,DRESSING CRANBERRY VINAIGRETTE,
553,0,Hingham,81445302811,DRESSING CURRY VINAIGRETTE,
554,0,Hingham,81445302812,DRESSING PICKLED PEPPER VINAIGRETTE,
555,0,Hingham,46000055817,Ground Flax Seeds,
556,0,Hingham,25735300000,Italian Green Garbanzo Salad,
557,0,Hingham,46000005951,Lemon Juice,
558,0,Hingham,46000055866,Liquid Amino Acids,
559,0,Hingham,46000024072,Mediterranean Salmon Salad,
560,0,Hingham,46000055873,Nutritional Yeast,
561,0,Hingham,46000055874,Olive Oil,
562,0,Hingham,46000055898,Pecans,
563,0,Hingham,46000055909,Pumpkin Seeds,
564,0,Hingham,46000055921,Raisins,
565,0,Hingham,46000064546,Red Chili Flakes,
566,0,Hingham,46000057940,Red Wine Vinegar,
567,0,Hingham,46000060509,Roasted Garlic Caesar Dressing,
568,0,Hingham,46000060504,Sesame Ginger Dressing,
569,0,Hingham,46000055926,Sesame Seeds,
570,0,Hingham,46000051521,Sesame Sticks,
571,0,Hingham,46000008232,Sherry Vinegar,
572,0,Hingham,46000005953,Soy Nuts,
573,0,Hingham,46000055940,Sunflower Seeds,
574,0,Hingham,46000005956,Turmeric,
575,0,Hingham,46000057835,Walnut Pieces,
576,0,Hingham,46000056963,Wasabi Peas,
577,0,Hingham,46000028460,Artichoke Hummus,
578,0,Hingham,46000020722,Chile Lime Guacamole,
579,0,Hingham,46000027328,Ciliegine Mozzarella,
580,0,Hingham,46000027999,Grilled Pineapple,
581,0,Hingham,46000064462,Grilled Yellow Bell Peppers,
582,0,Hingham,26382800000,Guss' New Pickles,
583,0,Hingham,46000055839,Jicama,
584,0,Hingham,46000055868,Mango,
585,0,Hingham,46000012696,Mixed Berries,
586,0,Hingham,46000055845,Organic Dino Kale,
587,0,Hingham,46000003199,Organic Grilled Asparagus,
588,0,Hingham,46000008985,Paleo Sriracha Cauliflower,
589,0,Hingham,46000055899,Pepperoncini,
590,0,Hingham,46000055765,Red Cabbage,
591,0,Hingham,46000059993,Roasted Eggplant,
592,0,Hingham,46000063691,Sea Salt,
593,0,Hingham,46000059669,Tabbouleh,
594,0,Hingham,46000007475,VEGETABLE RICED CONFETTI SB,
595,0,Hingham,46000055953,Wheatberries,
596,0,Hingham,88063200321,Thai Coconut Shrimp Soup,
597,0,Hingham,46000003438,Kale Pad Thai,
598,0,Hingham,46000030619,Chile Garlic Roasted Delicata Squash,
599,0,Hingham,46000006964,"Salad, Chicken Balsamic with Vegetables NA",
600,0,Hingham,46000011879,"Salad, Quinoa with Celeriac & Apples SB NA",
601,0,Hingham,46000007609,"Salad, Kale & Brussels Sprouts SB NA",
602,0,Hingham,46000063905,"Salad, Broccoli Crunch RFG CE",
603,0,Hingham,46000060727,"Celery, bias cut",
604,0,Hingham,46000063687,Purple Cauliflower,
605,0,Hingham,46000055829,Blanched Green Beans,
606,0,Hingham,46000063681,Red Grape Tomatoes,
607,0,Hingham,46000030013,traditional latkes,
608,0,Hingham,46000030039,"Green Beans, Mushrooms & Tehina 1.5lb eStore CE",
609,0,Hingham,46000030036,"Eggplant, Twice Cooked 2lb eStore CE",
610,0,Hingham,46000030015,Leek & Potato Cakes 2lb Chef LMT eStore CE,
611,0,Hingham,46000030029,"Chicken, Schnitzel with Apple Amba 4lb eStore CE",
612,0,Hingham,9948248927,ALPHABET SOUP,
613,0,Hingham,9948248923,JERK CHICKEN,
614,0,Hingham,9948248931,QUINOA CHILI,
615,0,Hingham,66797875742,SOUP ITALIAN WEDDING,
616,0,Hingham,46000055823,gigande beans in vinaigrette,
617,0,Hingham,46000055812,farro,
618,0,Hingham,46000021749,Ruby Red Grapefruit Rounds,
619,0,Hingham,46000029640,Opal Apple,
620,0,Hingham,46000062563,Pomegranate Seeds,
621,1202,Westford,46000015070,Chicken Tenders,2019-12-15
622,881,Westford,46000060414,Macaroni & Cheese,2019-12-15
623,534,Westford,46000057474,Mashed Potatoes,2019-12-15
624,433,Westford,46000057221,VEGETABLES GRILLED HB,2019-12-15
625,356,Westford,46000022020,SHEPHERDS PIE BEEF HB,2019-12-15
626,339,Westford,46000064890,Green Beans with Roasted Garlic,2019-12-12
627,227,Westford,46000064940,Scrambled Eggs,2019-12-15
628,223,Westford,46000029505,Garlic Parm Pork Loin with Broccoli Rabe,2019-12-12
629,220,Westford,46000029306,Sauerkraut & Sweet Potato Pierogis,2019-12-15
630,215,Westford,46000024415,Rosemary Roasted Potatoes with Lemon,2019-12-12
631,190,Westford,46000028909,Mustard Ale Glazed Chicken Breast,2019-11-13
632,187,Westford,46000064891,Steamed Broccoli,2019-12-11
633,183,Westford,46000059704,Teriyaki Chicken Thighs,2019-12-13
634,163,Westford,46000060011,Maple Dry Rub Bacon,2019-12-15
635,161,Westford,46000024654,Breakfast Sausage,2019-12-15
636,153,Westford,46000029305,Creamy Smoked Mushroom Meatloaf,2019-11-04
637,147,Westford,46000028899,Balsamic Chicken Thighs,2019-12-12
638,141,Westford,46000058382,Breakfast Potatoes,2019-12-15
639,141,Westford,46000059679,Sautéed Peppers & Onions,2019-12-15
640,138,Westford,46000064881,FRENCH TOAST CHALLAH HB,2019-12-15
641,131,Westford,46000028908,Apple Cider Glazed Carrots,2019-12-07
642,124,Westford,46000059700,OMELETTE HAM CHEESE HB,2019-12-15
643,118,Westford,46000057669,Buttered Cabbage,2019-11-25
644,118,Westford,46000008992,EGG BELL PEPPER HB,2019-12-15
645,113,Westford,46000029500,Pollock Puttanesca,2019-11-23
646,112,Westford,46000063711,Garlic Parmesan Chicken Wings,2019-12-04
647,109,Westford,46000025805,YUCCA FRIES CILANTRO LIME HB,2019-12-12
648,103,Westford,28452000000,Grilled Chicken Breast,2019-12-14
649,103,Westford,46000050492,Scrambled Egg Whites,2019-12-15
650,102,Westford,46000055863,Romaine Lettuce,2019-12-09
651,100,Westford,46000059680,Sautéed Mushrooms with Garlic,2019-12-15
652,97,Westford,46000063826,HUEVOS RANCHEROS HB,2019-12-15
653,95,Westford,46000011487,Pierogis with Fried Onions,2019-12-10
654,95,Westford,46000055911,Red Quinoa,2019-12-14
655,90,Westford,46000006106,Chicken Parmesan,2019-10-19
656,87,Westford,46000008487,Cucumbers,2019-11-20
657,86,Westford,46000008060,BBQ Beef Meatloaf,2019-12-15
658,83,Westford,46000012679,Orange Chicken,2019-11-17
659,81,Westford,26488200000,Steel Cut Oatmeal,2019-12-11
660,79,Westford,46000011094,Texas Barbeque Ribs,2019-11-24
661,77,Westford,46000057439,Chicken Tikka Masala,2019-12-11
662,76,Westford,46000005678,Chicken Cacciatore,2019-11-03
663,74,Westford,46000029300,Butternut Orange Cauliflower Wedges,2019-10-29
664,72,Westford,46000064879,Tater Tots,2019-12-15
665,70,Westford,46000020407,Maple Roasted Sweet Potatoes,2019-12-12
666,66,Westford,46000055751,Broccoli,2019-12-10
667,64,Westford,46000055832,Hard Boiled Egg,2019-11-10
668,62,Westford,46000030026,Roasted Salt & Pepper Turkey Breast & Gravy,2019-12-11
669,61,Westford,46000055881,Organic Red Onions,2019-11-07
670,60,Westford,46000007360,Organic Fresh Fields Greens,2019-11-18
671,57,Westford,46000055775,Cauliflower,2019-11-19
672,57,Westford,46000007337,Cooked Red Beets,2019-12-14
673,57,Westford,46000055765,Red Cabbage,2019-12-13
674,53,Westford,46000060636,Feta Cheese,2019-10-27
675,53,Westford,46000028996,Paleo Friendly Roasted Zucchini,2019-12-08
676,53,Westford,46000063814,Tofu Pepper Scramble,2019-12-15
677,52,Westford,46000064385,Brown Rice,2019-12-14
678,52,Westford,46000055794,Organic Corn,2019-11-01
679,51,Westford,46000064603,Golden Sesame Tofu,2019-10-27
680,51,Westford,46000055772,Shredded Carrots,2019-12-15
681,50,Westford,46000063709,Buffalo Chicken Wings,2019-12-15
682,49,Westford,46000007289,Baked Barbeque Chicken,2019-12-15
683,48,Westford,46000063907,Carrot Harissa Salad,2019-11-04
684,47,Westford,46000011087,Zucchini Noodles,2019-12-11
685,46,Westford,46000060410,Cheese Lasagna,2019-12-11
686,46,Westford,46000055736,Mixed Bell Peppers,2019-10-27
687,46,Westford,46000028995,Paleo Friendly Roasted Butternut Squash,2019-10-27
688,46,Westford,46000021881,Roasted Chicken with Paprika & Olives,2019-11-16
689,44,Westford,46000055714,Arugula,2019-12-09
690,44,Westford,46000058735,Dolmas,2019-10-27
691,44,Westford,46000028993,Paleo Friendly Roasted Red Bell Peppers,2019-10-27
692,43,Westford,46000055777,Celery,2019-10-27
693,43,Westford,46000028906,Pickled Pepper Brussels Sprouts,2019-10-28
694,42,Westford,46000020867,Loaded Cheeseburger Macaroni & Cheese,2019-11-21
695,42,Westford,46000016104,Organic Rainbow Cherry Tomato,2019-10-26
696,42,Westford,46000028992,Paleo Friendly Roasted Cremini Mushrooms,2019-11-18
697,41,Westford,46000000782,Cranberry Walnut Kale Salad,2019-10-27
698,40,Westford,46000059670,Sesame Noodles,2019-11-01
699,39,Westford,46000055820,Garbanzo Beans,2019-11-18
700,39,Westford,46000007161,SALAD FOUR BEAN SB,2019-10-27
701,38,Westford,46000028962,Maria's Beef Meatballs,2019-10-14
702,37,Westford,46000020405,Kale Sauteed with Mushrooms,2019-11-16
703,36,Westford,46000003326,Falafel,
704,36,Westford,27254600000,KALE SALAD CRANBERRY WALNUT CC,2019-10-26
705,36,Westford,46000008996,Tofu Breakfast Scramble,2019-12-15
706,35,Westford,46000021721,CAULIFLOWER CAULILINI CURRY SB,2019-10-27
707,35,Westford,46000012696,Mixed Berries,2019-11-22
708,35,Westford,46000059365,OLIVES CITRUS MARINATED,2019-10-27
709,34,Westford,46000055770,Rainbow Carrots,2019-10-27
710,34,Westford,46000060958,Thai Fried Rice,2019-12-13
711,33,Westford,46000029506,Mushroom & Kale Cavatappi Pasta,2019-10-23
712,30,Westford,46000055893,Organic Peas,2019-10-27
713,30,Westford,46000029503,Pumpkin Tortellini,2019-11-05
714,29,Westford,46000055943,Tomatoes,2019-10-27
715,29,Westford,46000020417,Traditional Herb Stuffing,2019-12-02
716,28,Westford,46000007116,Grated Parmesan,2019-10-27
717,28,Westford,46000055932,Organic Spinach,2019-10-27
718,28,Westford,46000003328,Spinach Feta Orzo,2019-12-15
719,27,Westford,46000007338,Kalamata Olives,2019-10-27
720,26,Westford,46000029845,Cranberry Beans,2019-12-02
721,26,Westford,46000055933,Spinach,2019-10-26
722,24,Westford,46000014732,Beef Stew,2019-12-09
723,24,Westford,46000017196,Sweet Chili Pollock,2019-12-13
724,23,Westford,46000016508,Moms Chicken Soup,2019-12-14
725,23,Westford,46000010510,Sauteed Collard Greens,2019-12-14
726,22,Westford,22832300000,SALAD GREEN AND GIGANDE BEAN,2019-10-27
727,22,Westford,46000013171,Turmeric Roasted Sweet Potatoes,2019-12-10
728,22,Westford,46000013171,Turmeric Roasted Sweet Potatoes,2019-10-26
729,21,Westford,46000014320,Butternut Squash Salad,2019-11-08
730,21,Westford,46000011889,Fall Harvest Salad,2019-10-26
731,21,Westford,46000016511,Nanas Chicken Noodle Soup,2019-12-14
732,20,Westford,46000027328,Ciliegine Mozzarella,2019-10-25
733,20,Westford,46000022022,Creamed Spinach & Kale,2019-12-14
734,20,Westford,46000013171,POTATO SWEET TURMERIC ROASTED SB,2019-12-10
735,20,Westford,46000013171,POTATO SWEET TURMERIC ROASTED SB,2019-10-26
736,20,Westford,46000025413,Skillet Beef with Corn & Black Beans,2019-10-18
737,19,Westford,27089400000,Grilled Salmon,2019-10-27
738,19,Westford,46000055923,Organic Roasted Sweet Potatoes,2019-10-27
739,19,Westford,46000055738,Red Bell Peppers,2019-11-01
740,18,Westford,46000007475,VEGETABLE RICED CONFETTI SB,2019-10-16
741,17,Westford,46000028907,Mustard Ale Brussels Sprouts,2019-12-12
742,16,Westford,46000029303,Butternut Macaroni & Cheese,2019-11-08
743,16,Westford,46000018498,Double Cheddar Broccoli Soup,2019-12-14
744,16,Westford,46000016509,New England Clam Chowder,2019-12-14
745,16,Westford,46000007293,Thai Chili Baked Chicken,2019-12-12
746,15,Westford,46000016512,Tomato Parmesan Soup,2019-12-14
747,13,Westford,46000055825,Green Grapes,2019-10-26
748,13,Westford,46000018499,Lentil Dal & Spinach Soup,2019-12-14
749,13,Westford,46000020414,Mashed Butternut Squash,2019-12-15
750,13,Westford,46000028994,Paleo Friendly Roasted Romanesco,2019-11-20
751,13,Westford,46000057583,Potato Samosa,2019-11-20
752,13,Westford,46000008373,Teriyaki Chicken Wings,2019-11-14
753,12,Westford,46000018496,Beef Chili with Beans,2019-12-14
754,12,Westford,46000028875,Curry Caulilini & Roasted Grape,2019-10-27
755,12,Westford,46000058366,Curry Chicken,2019-11-27
756,12,Westford,46000064602,Garlic Green Beans,2019-11-19
757,12,Westford,46000055913,Organic Quinoa,2019-10-24
758,12,Westford,46000060719,Vegetable Panang,2019-12-09
759,11,Westford,46000060270,BBQ Chicken Wings,2019-12-15
760,11,Westford,46000064480,Roasted Rainbow Carrots,2019-10-22
761,11,Westford,46000023220,Spicy Ground Beef & Broccoli,2019-10-03
762,11,Westford,46000028979,Sweet & Sour Brussels Sprouts,2019-12-11
763,10,Westford,46000007336,Grilled Asparagus,2019-11-21
764,10,Westford,46000064576,Grilled Portobello Mushroom,2019-10-24
765,10,Westford,46000064581,Grilled Zucchini,2019-11-17
766,9,Westford,46000025412,Beef with Feta & Olives,2019-12-15
767,9,Westford,46000025412,Beef with Feta & Olives,2019-12-14
768,9,Westford,46000055341,Cauliflower & Radicchio Salad,2019-10-08
769,9,Westford,46000007335,Grilled Red Onions,2019-10-27
770,9,Westford,46000064783,Grilled Tofu,2019-11-07
771,9,Westford,46000064571,Lemon Dill Pollock,2019-12-15
772,8,Westford,46000024583,Chicken Broccoli Alfredo Pasta,2019-11-18
773,8,Westford,46000007114,Green Garbanzo Bean Salad,2019-11-30
774,8,Westford,46000026989,Grilled Lemon Parsley Chicken Quarters,2019-12-14
775,8,Westford,46000059425,Roasted Red Peppers,2019-10-24
776,7,Westford,46000005582,Carrot Ginger Coconut Soup,2019-11-23
777,7,Westford,95501,Hot Bar,2019-10-03
778,7,Westford,46000059701,"Pollock, Olive Tomato & Parsley HSH NA",2019-12-14
779,7,Westford,46000058486,Prosciutto Roasted Brussels Sprouts,2019-12-04
780,7,Westford,26661900000,Roasted Garlic & Herb Half Rotisserie Chicken,2019-12-09
781,7,Westford,46000029309,Salt & Vinegar Fingerling Potatoes,2019-12-13
782,6,Westford,26485200000,Bacon Egg & Cheese Sandwich,2019-11-05
783,6,Westford,46000025412,"Beef, Feta Olive HB NA",2019-12-15
784,6,Westford,46000025412,"Beef, Feta Olive HB NA",2019-12-14
785,6,Westford,22785600000,Breaded Chicken Tender,2019-10-15
786,6,Westford,46000007160,Chicken Caesar Pasta Salad,2019-10-06
787,6,Westford,46000030037,Green Beans & Shallots,2019-12-09
788,6,Westford,46000007334,Grilled Peppers,2019-10-24
789,6,Westford,46000023228,Mushroom & Herb Meatloaf,2019-10-23
790,6,Westford,46000050195,Quiche Lorraine,2019-11-27
791,6,Westford,46000028877,Roasted Garlic Broccoli Rabe,2019-12-14
792,5,Westford,46000029438,Baked Tofu Waldorf Salad,2019-11-29
793,5,Westford,46000064570,Carrot Ginger Pollock,2019-12-08
794,5,Westford,46000020371,Cider Mustard Pork Loin,2019-10-29
795,5,Westford,26489600000,Egg & Cheese Sandwich on an English Muffin,2019-11-18
796,5,Westford,46000064462,Grilled Yellow Bell Peppers,2019-10-27
797,5,Westford,26490600000,Ham & Egg Sandwich,2019-10-27
798,5,Westford,46000008985,Paleo Sriracha Cauliflower,2019-11-19
799,5,Westford,46000007356,Roasted Cauliflower,2019-11-19
800,4,Westford,46000019140,Al Forno Patate Potatoes,2019-11-20
801,4,Westford,46000024762,Buffalo Soy Nuggets,2019-10-07
802,4,Westford,46000018408,"Cauliflower, Kounoupidi with Pistachios & Mint HB NA",2019-12-15
803,4,Westford,46000029301,Chicken Breast with Apples & Bacon,2019-12-14
804,4,Westford,46000004680,Chipotle Macaroni & Cheese,2019-11-15
805,4,Westford,46000026167,Couscous with Vegetables,2019-10-06
806,4,Westford,46000062848,Roasted Tomatoes,2019-11-17
807,4,Westford,46000029637,Yellow Wax Beans,2019-11-11
808,3,Westford,46000029439,Apple Cheddar Brussels Sprout Slaw,2019-10-24
809,3,Westford,46000050193,Broccoli Cheddar Quiche,2019-12-06
810,3,Westford,46000020411,Chili Garlic Roasted Cauliflower,2019-10-06
811,3,Westford,46000021989,Cranberry Cashew Brussels Sprouts Salad,2019-10-27
812,3,Westford,46000064782,Eggless Tofu Salad,2019-12-01
813,3,Westford,46000026987,Garlic Herb Chicken Thighs,2019-12-15
814,3,Westford,46000026993,"Green Beans, Tomato Garlic HB NA",2019-12-15
815,3,Westford,46000026993,"Green Beans, Tomato Garlic HB NA",2019-12-14
816,3,Westford,46000055715,Organic Arugula,2019-10-06
817,3,Westford,46000064784,Roasted Sweet Potato,2019-10-31
818,3,Westford,46000018500,Turkey Chili with White Beans,2019-10-04
819,3,Westford,46000060723,Vegetarian Black Beans,2019-11-14
820,2,Westford,46000018643,Black Beans & Brown Rice with Scallions,2019-11-15
821,2,Westford,46000007288,Blue Cheese Crumbles,2019-10-15
822,2,Westford,95503,Breakfast Bar,2019-10-25
823,2,Westford,46000055340,Broccolini & Bowtie Pasta Salad,2019-10-20
824,2,Westford,46000003990,Buffalo Bleu Macaroni & Cheese,2019-11-16
825,2,Westford,46000058346,Chickpea Salad,2019-10-06
826,2,Westford,46000064386,Cooked White Rice,2019-11-03
827,2,Westford,46000024561,Eggplant Ricotta Rollatini,2019-11-16
828,2,Westford,46000059671,Hummus,2019-12-12
829,2,Westford,24249500000,Italian Style Roast Beef,2019-10-14
830,2,Westford,46000064572,Lemon Parsley Pollock,2019-12-15
831,2,Westford,46000029846,Orange Cauliflower,2019-10-10
832,2,Westford,46000050194,Quiche Florentine,2019-11-16
833,2,Westford,48000037962,SALAD KIT CHICKEN CAESAR PASTA,2019-10-07
834,2,Westford,46000029436,Spicy Peanut Tofu Curry,2019-11-25
835,2,Westford,46000026993,Tomato Garlic Green Beans,2019-12-15
836,2,Westford,46000026993,Tomato Garlic Green Beans,2019-12-14
837,1,Westford,46000029497,Agrodulce Carrots,2019-10-02
838,1,Westford,46000021416,Artichoke Hearts,2019-10-22
839,1,Westford,46000063712,Bangkok Chicken Wings,2019-10-21
840,1,Westford,46000025411,Beef Cavatappi Chop Suey,2019-10-01
841,1,Westford,46000008442,"Beet, Kale, and Mango Salad",2019-11-19
842,1,Westford,46000019792,Broccoli & Grilled Sweet Onions,2019-10-22
843,1,Westford,46000029302,Butternut Pollock with Garlic & Chili,2019-12-10
844,1,Westford,46000027416,Caribbean Mango Chicken Wings,2019-10-22
845,1,Westford,46000060502,Chili Almond Dressing,2019-10-22
846,1,Westford,46000024077,Chinese Black Pepper Green Beans,2019-11-16
847,1,Westford,46000029435,Cremini Insalata Tricolore,2019-10-06
848,1,Westford,46000063307,Cumin Roasted Carrots,2019-11-14
849,1,Westford,46000025814,Cumin Roasted Vegetables,2019-10-29
850,1,Westford,81445302812,DRESSING PICKLED PEPPER VINAIGRETTE,2019-10-22
851,1,Westford,46000029498,Fig Balsamic Mushrooms,2019-10-10
852,1,Westford,46000029434,Game Day Chicken Salad with Bacon,2019-10-27
853,1,Westford,46000024580,Garlic Broccoli Rabe,2019-12-14
854,1,Westford,46000060637,Goat Cheese,2019-10-14
855,1,Westford,46000058734,Hearts Of Palm,2019-10-01
856,1,Westford,46000026992,Honey Pistachio Green Beans,2019-12-11
857,1,Westford,46000020408,Honey Sriracha Fried Tofu,2019-10-30
858,1,Westford,25725600000,KALE PAD THAI SALAD SWEET SPICY HSH CC,2019-10-24
859,1,Westford,46000010140,Lime Chipotle Tofu,2019-10-06
860,1,Westford,46000004373,Mushroom & Barley Soup,2019-11-23
861,1,Westford,46000029304,Mushroom & Herb Beef Meatballs,2019-10-09
862,1,Westford,46000055918,Organic Radish,2019-10-22
863,1,Westford,46000029948,Paleo Friendly Chicken Salad,2019-10-19
864,1,Westford,48000004697,Potato Swt 3/4 Dcd 4X5Lb Cv,2019-10-10
865,1,Westford,46000018407,"Potatoes, Patates Psites HB NA",2019-12-15
866,1,Westford,46000055917,Radishes,2019-10-15
867,1,Westford,46000020373,Rainbow Roasted Carrots with Parsley,2019-10-09
868,1,Westford,46000064546,Red Chili Flakes,2019-10-22
869,1,Westford,46000008519,Roasted Apples & Parsnips,2019-10-07
870,1,Westford,46000028911,Roasted Mustard Ale Potatoes & Dill,2019-11-05
871,1,Westford,46000062679,Roasted Pork with Apples & Sage,2019-10-03
872,1,Westford,95502,Salad Bar,2019-10-27
873,1,Westford,46000029060,Sicilian Cauliflower,2019-12-15
874,1,Westford,46000064980,Tomato Olive Chicken,2019-10-06
875,1,Westford,46000022030,Vegetable Fried Rice,2019-12-07
876,1,Westford,46000055953,Wheatberries,2019-10-22
877,0,Westford,46000063819,Blueberry Lemon Pancakes,
878,0,Westford,46000063820,Buttermilk Pancakes,
879,0,Westford,46000063821,Pumpkin Pancakes,
880,0,Westford,46000008020,Beef Hamburger Patty,
881,0,Westford,46000020412,Cheesy Fries,
882,0,Westford,46000008982,Fried Buffalo Cauliflower,
883,0,Westford,46000025410,Fried Pollock,
884,0,Westford,46000006970,Hunter's Chicken Stew,
885,0,Westford,46000064740,Lemon Walnut Green Beans,
886,0,Westford,46000024976,Mushroom Herb Chicken,
887,0,Westford,46000060277,Potato Skins with Sour Cream & Chives,
888,0,Westford,46000023229,Prosciutto & Provolone Beef Meatloaf,
889,0,Westford,46000025810,Queso Fundido Chicken,
890,0,Westford,46000024999,Roasted Cauliflower with Poblanos & Queso,
891,0,Westford,46000019139,Sauteed Zucchini & Poblano,
892,0,Westford,46000017413,Spicy Eggplant Harissa,
893,0,Westford,46000025414,Stuffed Peppers with Beef & Mixed Rice,
894,0,Westford,27690800000,Sweet Chili Tofu,
895,0,Westford,46000014704,Zucchini Roasted Tomatoes,
896,0,Westford,46000011086,Vegetable Spring Roll,
897,0,Westford,46000014728,Garlic Wine Kale,
898,0,Westford,46000029504,Grilled Sausage with Broccoli Rabe,
899,0,Westford,46000024976,Mushroom Herb Chicken,
900,0,Westford,46000029501,Pancetta & Sage Sweet Potatoes,
901,0,Westford,46000024562,Parmesan Fried Rigatoni,
902,0,Westford,46000029507,Seafood Cioppino Pasta,
903,0,Westford,46000029517,Smashed Butternut Squash with Mascarpone,
904,0,Westford,46000028910,Apple Cider Greens,
905,0,Westford,46000029310,Autumn Romanesco with Cashew Parmesan,
906,0,Westford,46000029299,Cacio e Pepe Brussels Sprouts,
907,0,Westford,46000029307,Chicken Mushroom Bacon Pot Pie,
908,0,Westford,46000029308,Turkey Mushroom Bacon Pot Pie,
909,0,Westford,46000058368,Chana Masala,
910,0,Westford,46000057364,Vegetable Korma,
911,0,Westford,46000026998,Blistered Tomato and Artichoke Pork Loin,
912,0,Westford,46000064785,Falafel,
913,0,Westford,46000014729,Feta Mint Meatballs w Garlic Wine Sauce,
914,0,Westford,46000026990,Grilled Caribbean Mango Chicken Quarters,
915,0,Westford,46000019783,Harissa Grilled Chicken Thighs,
916,0,Westford,46000026985,Jamaican Cabbage Hot Slaw,
917,0,Westford,46000027072,Jamaican Lima Beans,
918,0,Westford,46000007604,Kale Sauteed with Raisins,
919,0,Westford,46000015649,Lemon Parsley Haddock,
920,0,Westford,46000027005,Mediterranean Roasted Sweet Potato,
921,0,Westford,46000027003,Pistachio Parsley Rice,
922,0,Westford,46000027695,Roasted Carrots with White Bean Ragout,
923,0,Westford,46000026995,Tomato Artichoke Cavatappi,
924,0,Westford,46000026991,Za'atar Roasted Eggplant,
925,0,Westford,46000028980,Caraway & Dill Green Beans,
926,0,Westford,46000020370,Cider Mustard Potatoes,
927,0,Westford,46000020768,Roasted Bier Brats with Apples & Cabbage,
928,0,Westford,46000024571,Salt & Vinegar Carrots,
929,0,Westford,46000055707,Almonds,
930,0,Westford,46000054348,Apple Cider Vinegar,
931,0,Westford,46000011882,Apple Infused Dried Blueberries,
932,0,Westford,46000055720,Balsamic Vinegar,
933,0,Westford,46000005957,Black Pepper,
934,0,Westford,46000060492,Bleu Cheese Dressing,
935,0,Westford,46000060493,Buttermilk Ranch Dressing,
936,0,Westford,46000028876,Carrot Cranberry Salad,
937,0,Westford,46000055774,Cashews,
938,0,Westford,46000025168,Charred Broccolini Caesar Salad,
939,0,Westford,46000029440,Cheese Tortellini with Kale & Apple,
940,0,Westford,46000055785,Chia Seeds,
941,0,Westford,46000055788,Coconut Flakes,
942,0,Westford,81445302809,DRESSING APPLE HONEYCRISP VINAIGRETTE,
943,0,Westford,46000006730,Dressing Balsamic Sb,
944,0,Westford,81445302810,DRESSING CRANBERRY VINAIGRETTE,
945,0,Westford,81445302811,DRESSING CURRY VINAIGRETTE,
946,0,Westford,46000007115,Dried Cranberries,
947,0,Westford,46000005955,Furikake,
948,0,Westford,46000064399,Greek Salad,
949,0,Westford,46000055817,Ground Flax Seeds,
950,0,Westford,46000063908,Hearts of Palm Salad,
951,0,Westford,46000064550,Hemp Seeds,
952,0,Westford,46000018399,Honey Mustard Chicken & Spinach Salad,
953,0,Westford,25735300000,Italian Green Garbanzo Salad,
954,0,Westford,46000005951,Lemon Juice,
955,0,Westford,46000055866,Liquid Amino Acids,
956,0,Westford,46000024072,Mediterranean Salmon Salad,
957,0,Westford,46000064906,Moroccan Beet Salad,
958,0,Westford,46000055873,Nutritional Yeast,
959,0,Westford,46000055874,Olive Oil,
960,0,Westford,46000055898,Pecans,
961,0,Westford,46000055909,Pumpkin Seeds,
962,0,Westford,46000055921,Raisins,
963,0,Westford,46000057940,Red Wine Vinegar,
964,0,Westford,46000029433,Roasted Beets with Pear & Cranberry,
965,0,Westford,46000028964,Roasted Cauliflower with Peppadews,
966,0,Westford,46000060509,Roasted Garlic Caesar Dressing,
967,0,Westford,46000029437,Roasted Turkey and Apricot Salad,
968,0,Westford,46000007685,Salmon Caesar Salad,
969,0,Westford,46000010080,Seafood Salad,
970,0,Westford,46000064658,Sesame Chicken Salad,
971,0,Westford,46000060504,Sesame Ginger Dressing,
972,0,Westford,46000055926,Sesame Seeds,
973,0,Westford,46000051521,Sesame Sticks,
974,0,Westford,46000008232,Sherry Vinegar,
975,0,Westford,46000005953,Soy Nuts,
976,0,Westford,46000006971,Spanish Potato Salad,
977,0,Westford,46000055940,Sunflower Seeds,
978,0,Westford,46000005956,Turmeric,
979,0,Westford,46000057835,Walnut Pieces,
980,0,Westford,46000056963,Wasabi Peas,
981,0,Westford,46000028460,Artichoke Hummus,
982,0,Westford,46000055742,Black Beans,
983,0,Westford,46000020722,Chile Lime Guacamole,
984,0,Westford,46000027999,Grilled Pineapple,
985,0,Westford,26382800000,Guss' New Pickles,
986,0,Westford,46000055839,Jicama,
987,0,Westford,46000064395,Low Fat Vanilla Yogurt,
988,0,Westford,46000055868,Mango,
989,0,Westford,46000055845,Organic Dino Kale,
990,0,Westford,46000003199,Organic Grilled Asparagus,
991,0,Westford,46000055899,Pepperoncini,
992,0,Westford,46000059993,Roasted Eggplant,
993,0,Westford,46000056506,Roasted Garlic,
994,0,Westford,46000063691,Sea Salt,
995,0,Westford,46000059427,Snow Peas,
996,0,Westford,46000059669,Tabbouleh,
997,0,Westford,46000059666,Tzatziki,
998,0,Westford,46000064396,Vanilla Almond Granola,
999,0,Westford,27848700000,Spinach Feta Orzo,
1000,0,Westford,46000064443,Manhattan Clam Chowder,
1001,0,Westford,46000013789,Split Pea Soup,
1002,0,Westford,88063200321,Thai Coconut Shrimp Soup,
1003,0,Westford,46000060421,Creamy Mashed Potatoes,
1004,0,Westford,46000006964,"Salad, Chicken Balsamic with Vegetables NA",
1005,0,Westford,46000011879,"Salad, Quinoa with Celeriac & Apples SB NA",
1006,0,Westford,46000007609,"Salad, Kale & Brussels Sprouts SB NA",
1007,0,Westford,46000021987,"Salad, Cranberry Orange Kale SB NA",
1008,0,Westford,46000063905,"Salad, Broccoli Crunch RFG CE",
1009,0,Westford,46000060727,"Celery, bias cut",
1010,0,Westford,46000063687,Purple Cauliflower,
1011,0,Westford,46000055829,Blanched Green Beans,
1012,0,Westford,46000063681,Red Grape Tomatoes,
1013,0,Westford,46000018440,"Rice, Spanakorizo HB NA",
1014,0,Westford,46000030013,traditional latkes,
1015,0,Westford,46000030039,"Green Beans, Mushrooms & Tehina 1.5lb eStore CE",
1016,0,Westford,46000030036,"Eggplant, Twice Cooked 2lb eStore CE",
1017,0,Westford,46000030015,Leek & Potato Cakes 2lb Chef LMT eStore CE,
1018,0,Westford,46000030029,"Chicken, Schnitzel with Apple Amba 4lb eStore CE",
1019,0,Westford,9948248927,ALPHABET SOUP,
1020,0,Westford,9948248921,SOUP VEGAN PUMPKIN,
1021,0,Westford,9948248923,JERK CHICKEN,
1022,0,Westford,9948248931,QUINOA CHILI,
1023,0,Westford,9948248935,SOUP CREAMY MUSHROOM,
1024,0,Westford,66797875742,SOUP ITALIAN WEDDING,
1025,0,Westford,9948248557,SOUP AROMATIC BUTTERNUT,
1026,0,Westford,46000055823,gigande beans in vinaigrette,
1027,0,Westford,46000055812,farro,
1028,0,Westford,46000021749,Ruby Red Grapefruit Rounds,
1029,0,Westford,46000029640,Opal Apple,
1030,0,Westford,46000062563,Pomegranate Seeds,
1031,396,West hartford,46000007582,Chicken Tenders,2019-12-15
1032,309,West hartford,46000060414,Macaroni & Cheese,2019-12-15
1033,254,West hartford,46000064940,Scrambled Eggs,2019-12-15
1034,228,West hartford,46000057474,Mashed Potatoes,2019-12-15
1035,213,West hartford,46000064891,Steamed Broccoli,2019-12-13
1036,207,West hartford,46000064394,FRIES FRENCH REGULAR CUT,2019-12-15
1037,197,West hartford,46000006106,Chicken Parmesan,2019-12-12
1038,182,West hartford,46000063819,Blueberry Lemon Pancakes,2019-12-15
1039,176,West hartford,46000064443,Mom's Chicken Soup,2019-12-15
1040,171,West hartford,46000016511,Nana's Chicken Noodle Soup,2019-12-15
1041,167,West hartford,46000058382,Breakfast Potatoes,2019-12-15
1042,163,West hartford,46000025411,Beef Cavatappi Chop Suey,2019-12-15
1043,156,West hartford,46000060270,BBQ Wings,2019-12-13
1044,145,West hartford,46000060011,Bacon,2019-12-15
1045,144,West hartford,46000063709,Buffalo Wings,2019-12-14
1046,141,West hartford,46000016509,New England Clam Chowder,2019-12-15
1047,138,West hartford,46000018498,Double Cheddar Broccoli Soup,2019-12-15
1048,122,West hartford,46000018499,Lentil Dal & Spinach Soup,2019-12-15
1049,117,West hartford,46000018118,CAKES CORN RED PEPPER,2019-12-14
1050,117,West hartford,46000016512,Tomato Parmesean Soup,2019-12-15
1051,109,West hartford,46000004910,Beef Chili,2019-12-15
1052,105,West hartford,46000010510,Collard Greens w/ Garlic,2019-12-15
1053,99,West hartford,46000008996,Tofu Breakfast Scramble,2019-12-15
1054,93,West hartford,46000029060,"Cauliflower, Sicilian",2019-12-10
1055,91,West hartford,46000008373,Teriyaki Wings,2019-12-14
1056,87,West hartford,46000064784,Roasted Sweet Potatoes,2019-12-15
1057,86,West hartford,46000064884,FRENCH TOAST SANDWICH BREAD WHITE HB,2019-12-15
1058,83,West hartford,46000028877,"Broccoli Rabe, Roasted Garlic",2019-12-15
1059,82,West hartford,46000062848,TOMATOES ROASTED HB,2019-12-15
1060,81,West hartford,46000012679,"Chicken, Orange",2019-11-22
1061,81,West hartford,46000065008,Turkey Bacon,2019-12-15
1062,80,West hartford,46000064878,"Fries, Waffle",2019-12-14
1063,78,West hartford,46000008060,"Meatloaf, BBQ Beef",2019-12-08
1064,77,West hartford,46000029304,"Meatballs, Beef Mushroom & Herb",2019-11-24
1065,75,West hartford,46000019851,MAC CHEESE PEA BACON BRDCRMB HB,2019-12-15
1066,72,West hartford,46000064572,Lemon Parsley Pollock,2019-12-15
1067,62,West hartford,46000004909,Turkey Chili,2019-12-06
1068,59,West hartford,46000005678,Chicken Cacciatore,2019-10-29
1069,57,West hartford,46000022022,Creamed Spinach & Kale Kettle,2019-12-11
1070,57,West hartford,46000022022,Creamed Spinach & Kale Kettle,2019-12-10
1071,57,West hartford,46000018075,Sublime Swine Smoked Pulled Pork,2019-12-15
1072,54,West hartford,46000055793,Corn,2019-11-24
1073,54,West hartford,46000064571,"Pollock, Lemon Dill",2019-12-15
1074,50,West hartford,46000029309,"Potatoes, Fingerling Fried Salt & Vinegar",2019-11-29
1075,50,West hartford,46000055863,Romaine Lettuce,2019-12-15
1076,49,West hartford,46000005582,Carrot Ginger Coconut Soup,2019-12-07
1077,49,West hartford,46000065097,Sausage Patties,2019-11-21
1078,48,West hartford,46000006607,Black Beans,2019-12-07
1079,48,West hartford,46000007289,"Chicken, Baked Texas BBQ",2019-12-15
1080,48,West hartford,46000030026,Roasted Salt & Pepper Turkey Breast & Gravy,2019-12-07
1081,47,West hartford,46000030037,Green Beans & Shallots,2019-12-10
1082,47,West hartford,46000006973,Grilled Cajun Chicken Thighs,2019-12-15
1083,45,West hartford,46000018073,CHICKEN THIGH SMOKED MAGNET,2019-12-11
1084,45,West hartford,46000010550,Roasted Mushrooms,2019-12-06
1085,43,West hartford,46000007600,EGG BAKED HB,2019-12-07
1086,43,West hartford,46000063050,Spring Mix,2019-11-20
1087,42,West hartford,46000055923,Baby Spinach,2019-12-08
1088,41,West hartford,46000020417,Traditional Herb Stuffing,2019-12-11
1089,38,West hartford,46000028908,"Carrots, Apple Cider Glazed",2019-10-27
1090,37,West hartford,46000059679,onions and peppers,2019-12-15
1091,36,West hartford,46000008434,Hash Browns,2019-12-15
1092,36,West hartford,46000055911,Red Quinoa,2019-12-14
1093,35,West hartford,46000055892,Peas,2019-10-13
1094,35,West hartford,46000007145,Pineapple Fried Rice,2019-12-11
1095,35,West hartford,46000055914,QUINOA WHITE CV SB,2019-11-20
1096,32,West hartford,46000057614,BRUSSELS SPROUTS ROASTED HB,2019-11-30
1097,32,West hartford,46000022021,GRAVY TURKEY CV HB,2019-12-15
1098,32,West hartford,46000057444,Lemon Rice,2019-12-15
1099,32,West hartford,46000059884,PORK CARNITAS OSI HB,2019-12-15
1100,32,West hartford,46000028996,Paleo Roasted Squash Zucchini,2019-12-13
1101,31,West hartford,46000056666,BEEF BARBACOA JALAPENO HB,2019-12-14
1102,31,West hartford,46000055807,Edamame,2019-10-18
1103,31,West hartford,46000059701,Olive Tomato Parsley Pollock,2019-12-13
1104,31,West hartford,46000059701,Olive Tomato Parsley Pollock,2019-12-13
1105,30,West hartford,46000055820,Garbanzo Beans,2019-12-08
1106,30,West hartford,46000055832,Hard Boiled Eggs,2019-10-16
1107,30,West hartford,46000017196,"Pollock, Sweet Chili",2019-12-14
1108,30,West hartford,46000020768,Roasted Bier Brats with Apples & Cabbage Oktoberfest,2019-10-18
1109,29,West hartford,46000064890,Green Beans with Roasted Garlic,2019-12-10
1110,29,West hartford,28452000000,Grilled Chicken,2019-10-16
1111,29,West hartford,46000024076,Lemon Artichoke Slaw,2019-12-08
1112,29,West hartford,46000028992,Paleo Roasted Cremini Mushrooms,2019-10-16
1113,29,West hartford,46000056602,SPINACH STEAMED HB,2019-12-09
1114,28,West hartford,46000055714,Arugula,2019-12-14
1115,28,West hartford,46000055943,Grape Tomatoes,2019-10-16
1116,28,West hartford,46000055848,Kidney Beans,2019-11-09
1117,28,West hartford,46000059680,Sauteed Mushrooms,2019-12-15
1118,27,West hartford,46000060727,CELERY SLICED SB,2019-10-13
1119,27,West hartford,46000028993,Paleo Roasted Red Bell Peppers,2019-11-12
1120,27,West hartford,46000017288,Roasted Veg Medley,2019-12-15
1121,27,West hartford,46000017288,Roasted Veg Medley,2019-12-15
1122,26,West hartford,46000029438,Waldorf Tofu Salad,2019-12-15
1123,25,West hartford,23527800000,CARROT HARISSA SALAD CC,2019-11-13
1124,25,West hartford,48000004789,CORN TORTILLA CHIPS,2019-12-15
1125,25,West hartford,46000055768,Cantalope,2019-11-27
1126,25,West hartford,46000064603,Golden Sesame Tofu,2019-11-08
1127,25,West hartford,46000055842,Kale,2019-12-12
1128,25,West hartford,27848700000,Spinach Feta Orzo Salad,2019-11-19
1129,24,West hartford,46000055733,BEETS SHREDDED OG SB,2019-11-20
1130,24,West hartford,46000024761,GUACAMOLE SB,2019-11-20
1131,24,West hartford,46000064022,Mesclun Goat Cheese Salad,2019-11-29
1132,24,West hartford,46000030595,SOUP CREAM OF MUSHROOM HB,2019-12-15
1133,24,West hartford,46000062686,Thai Peanut Chicken Thighs,2019-12-15
1134,22,West hartford,48000006773,CABBAGE GRN CRRT SHRD 4/5LB OG,2019-12-14
1135,22,West hartford,46000029434,Chicken Game Day Salad,2019-11-27
1136,22,West hartford,27489000000,KALE SESAME GINGER CC,2019-10-17
1137,22,West hartford,46000028995,Paleo Roasted Butternut Squash,2019-10-16
1138,21,West hartford,46000022419,Kale White Bean Salad,2019-11-27
1139,21,West hartford,46000029303,"Macaroni & Cheese, Butternut",2019-11-17
1140,21,West hartford,46000004373,Mushroom & Barley Soup,2019-11-24
1141,21,West hartford,46000055903,Pineapple,2019-10-12
1142,21,West hartford,46000057670,SOUP BUTTERNUT SQUASH HB,2019-12-15
1143,20,West hartford,46000059671,Hummus,2019-11-29
1144,20,West hartford,46000020370,"Potatoes, Cider Mustard",2019-12-03
1145,20,West hartford,46000010140,"Potatoes, Patate Al Forne",2019-10-13
1146,20,West hartford,46000010703,SALAD TAILGATE COLESLAW SB,2019-11-05
1147,20,West hartford,48000008634,TERIYAKI CHICKEN THIGHS,2019-12-11
1148,19,West hartford,46000055930,SOUR CREAM SB,2019-11-14
1149,18,West hartford,46000055812,Farro,2019-11-15
1150,18,West hartford,46000028962,Maria's Beef Meatballs,2019-12-12
1151,18,West hartford,46000056506,Roasted Garlic,2019-10-16
1152,18,West hartford,46000030656,SOUP PUMPKIN CURRY HB,2019-12-15
1153,17,West hartford,46000006979,Coconut Chicken Curry,2019-12-11
1154,17,West hartford,46000003326,Cook Falafel,2019-11-20
1155,17,West hartford,46000055736,Mixed Peppers,2019-10-13
1156,17,West hartford,46000030555,Red Pepper Fried Rice,2019-11-19
1157,17,West hartford,46000018074,Smoked Boneless Chicken Thighs,2019-12-13
1158,16,West hartford,46000060630,CHEESE CHEDDAR SHREDDED SB,2019-10-21
1159,16,West hartford,46000059666,DIP TZATZIKI SB,2019-12-15
1160,16,West hartford,46000028911,"Potatoes, Roasted with Dill & Mustard Ale",2019-11-30
1161,15,West hartford,46000064903,BACON BITS SB,2019-11-10
1162,15,West hartford,46000063809,Cinnamon Raisin Oat Meal,2019-12-12
1163,15,West hartford,46000022022,Creamed Spinach & Kale,2019-12-11
1164,15,West hartford,46000022022,Creamed Spinach & Kale,2019-12-10
1165,15,West hartford,46000014824,Fingerling Potatoes w/ Leeks,2019-11-30
1166,15,West hartford,46000003990,"Macaroni & Cheese, Buffalo Bleu",2019-12-04
1167,15,West hartford,46000060601,SALAD CORN ARUGULA SB,2019-10-15
1168,15,West hartford,46000063816,SAUSAGE BREAKFAST LINKS HB,2019-12-15
1169,14,West hartford,46000029306,"Pierogi, Sauerkraut & Sweet Potato",2019-10-13
1170,14,West hartford,46000013171,Turmeric Roasted Sweet Potatoes,2019-12-08
1171,14,West hartford,46000017288,VEGETABLES ROASTED HB,2019-12-15
1172,14,West hartford,46000017288,VEGETABLES ROASTED HB,2019-12-15
1173,13,West hartford,00449791900,FRIES .3IN REGULAR CUT NO TRANSFAT,2019-11-07
1174,13,West hartford,46000029302,"Fish, Baked with Butternut Sauce Garlic & Chili",2019-11-16
1175,13,West hartford,46000029305,"Meatloaf, Creamy Smoked Mushroom",2019-12-08
1176,13,West hartford,09948248558,SOUP BISQUE LOBSTER BULK,2019-12-09
1177,13,West hartford,46000003438,Sweet & Spicy Kale Pad Thai,2019-11-14
1178,12,West hartford,46000059365,Citrus Marinated Olives,2019-10-17
1179,12,West hartford,46000020868,MACARONI CHEESE PEPPADEW GOAT CHEESE HB,2019-12-10
1180,11,West hartford,46000026987,"Chicken Thighs, Garlic & Herb",2019-11-26
1181,11,West hartford,46000019137,Lemon Garlic Broccolini,2019-11-22
1182,11,West hartford,46000028994,Paleo Roasted Romanesco,2019-11-21
1183,10,West hartford,46000018079,Honey Jalapeno Wings,2019-12-08
1184,10,West hartford,46000060957,TOFU YELLOW CURRY HB,2019-12-08
1185,10,West hartford,46000013174,TURKEY BREAST HB,2019-12-08
1186,9,West hartford,48000037963,PICO DE GALLO MILD,2019-12-15
1187,9,West hartford,46000020414,"Squash, Mashed Butternut",2019-12-06
1188,9,West hartford,46000016104,TOMATO CHERRY RAINBOW OG,2019-10-16
1189,8,West hartford,46000031328,CHICKEN BREAST CABBAGE BACON HB,2019-12-15
1190,8,West hartford,46000057439,CHICKEN TIKKA MASALA HB,2019-12-15
1191,7,West hartford,46000019852,Buffalo Blue Mac & Cheese,2019-12-04
1192,7,West hartford,46000031332,MACARONI CHEESE CAULIFLOWER HB,2019-12-15
1193,7,West hartford,46000020405,Sauteed Kale w/ Mushrooms,2019-12-15
1194,6,West hartford,46000015079,Chicken Pasta Caesar Salad,2019-10-04
1195,6,West hartford,46000016161,DAL PALAK BOMBAY,2019-12-15
1196,6,West hartford,48000004791,FLOUR TORTILLA CHIPS,2019-10-11
1197,6,West hartford,26120900000,Garlic Parmesan Pasta,2019-12-08
1198,6,West hartford,46000055729,Golden Beets,2019-10-08
1199,6,West hartford,46000060717,NAAN REGULAR HB,2019-12-15
1200,6,West hartford,46000029918,"Tofu, Ginger Coriander",2019-11-22
1201,5,West hartford,46000057669,Buttered Cabbage,2019-11-17
1202,5,West hartford,46000011745,"Cauliflower, Curry Roasted with Peas",2019-11-23
1203,5,West hartford,46000029962,"Chicken, Spicy Kerala Pepper",2019-12-07
1204,5,West hartford,46000031329,FISH BAKED SPINACH TOMATO BUTTER HB,2019-12-14
1205,5,West hartford,27110600000,KALE TUSCAN GARLICKY CC,2019-10-10
1206,5,West hartford,46000007609,Kale & Brussel Sprout Salad,2019-12-06
1207,5,West hartford,46000059425,Roasted Red Peppers,2019-10-16
1208,5,West hartford,46000057364,VEGETABLE KORMA HB,2019-12-15
1209,4,West hartford,46000063712,Bangkok Wings,2019-12-14
1210,4,West hartford,46000030017,CASSEROLE GREEN BEAN HB,2019-12-06
1211,4,West hartford,46000060421,Creamy Mashed Potatoes,2019-12-14
1212,4,West hartford,46000055834,Hearts of Palm,2019-10-08
1213,4,West hartford,46000064020,SALAD MIXED GREENS SB,2019-11-27
1214,4,West hartford,46000029504,"Sausage, Grilled with Broccoli Rabe",2019-10-09
1215,4,West hartford,46000030014,Vegan Black Eyed Pea Fritters,2019-11-13
1216,4,West hartford,46000026991,Za'atar Eggplant,2019-10-09
1217,3,West hartford,46000029959,"Beef, Spicy Black Pepper Curry",2019-12-15
1218,3,West hartford,46000029299,"Brussels Sprouts, Cacio e Pepe",2019-12-08
1219,3,West hartford,46000024571,"Carrots, Salt & Vinegar",2019-10-08
1220,3,West hartford,46000029961,"Chicken Korma, Hyderabadi Cashew",2019-12-15
1221,3,West hartford,46000020411,Chili Garlic Cauliflower,2019-11-20
1222,3,West hartford,46000014728,"Kale, Garlic Wine",2019-10-25
1223,3,West hartford,46000063820,PANCAKES BUTTERMILK HB,2019-11-28
1224,3,West hartford,46000028906,Roasted Brussels w/ Pickled Pepper Vinaigrette,2019-11-05
1225,3,West hartford,46000059993,Roasted Eggplant,2019-12-13
1226,3,West hartford,46000013789,Vegan Split Pea Soup,2019-10-13
1227,2,West hartford,46000030837,BROCCOLI RABE PALEO ROASTED HB,2019-12-14
1228,2,West hartford,27994400000,Beets w/ Sherry Vinaigrette,2019-11-07
1229,2,West hartford,46000025643,Broccoli Cheddar Quiche,2019-11-11
1230,2,West hartford,46000028907,"Brussels Sprouts, Mustard Ale Sauce",2019-11-02
1231,2,West hartford,46000020861,Butternut & Mushroom Mac,2019-12-08
1232,2,West hartford,46000020861,Butternut & Mushroom Mac,2019-11-18
1233,2,West hartford,46000013532,CHICKEN CAJUN ROASTED HB,2019-12-13
1234,2,West hartford,46000064401,Caesar Salad,2019-10-17
1235,2,West hartford,46000028876,Carrot Cranberry Salad,2019-12-07
1236,2,West hartford,46000029301,"Chicken Breast, Apple Cider Glazed",2019-12-07
1237,2,West hartford,46000029960,"Chicken, Mangalore Ghee",2019-11-09
1238,2,West hartford,46000024079,Chickpea Asparagus Radicchio,2019-12-08
1239,2,West hartford,46000018070,Cow Bell Hell Smoked Beef Tips,2019-12-07
1240,2,West hartford,46000059699,Egg White & Spinach Scramble,2019-11-10
1241,2,West hartford,46000024075,Fennel Pistachio Lemon Vin Salad,2019-11-27
1242,2,West hartford,46000028910,"Greens, Apple Cider",2019-11-02
1243,2,West hartford,46000024575,Marinated Feta,2019-10-03
1244,2,West hartford,46000021385,Mashed Avocado,2019-10-10
1245,2,West hartford,46000020371,"Pork, Loin Cider Mustard",2019-12-09
1246,2,West hartford,46000007355,Roasted Broccoli,2019-11-08
1247,2,West hartford,66797810794,SAUCE CRANBERRY CV BULK,2019-12-14
1248,2,West hartford,46000026023,Thai Coconut Shrimp Soup,2019-11-16
1249,2,West hartford,46000018400,Tortellini & Sopressata,2019-12-03
1250,2,West hartford,46000029957,"Vegetable Korma, Hyderabadi Cashew",2019-12-15
1251,2,West hartford,46000007476,Zucchini,2019-11-14
1252,1,West hartford,46000018076,Blackened Potatoes,2019-11-08
1253,1,West hartford,46000028979,"Brussel Sprouts, Sweet & Sour",2019-11-13
1254,1,West hartford,46000055772,CARROTS SHREDDED CV SB,2019-11-27
1255,1,West hartford,46000029300,"Cauliflower, Wedges with Butternut Orange Sauce",2019-10-08
1256,1,West hartford,46000027069,Champagne Dijon Potato Salad,2019-12-15
1257,1,West hartford,46000027159,Chicken & Scallion Salad,2019-11-11
1258,1,West hartford,46000028909,"Chicken Breast, Mustard Ale Glazed",2019-12-11
1259,1,West hartford,46000007290,Curried Cauliflower,2019-11-03
1260,1,West hartford,46000018077,Garlic Parm & Pepper Potatoes,2019-11-17
1261,1,West hartford,46000064399,Greek Salad,2019-12-12
1262,1,West hartford,46000028980,"Green Beans, Caraway Dill",2019-11-02
1263,1,West hartford,46000064783,Grilled Tofu,2019-10-04
1264,1,West hartford,46000030846,HASH ROOT VEG HONEY PEPPER GARLIC HB,2019-12-13
1265,1,West hartford,46000020861,MACARONI CHEESE MUSHROOM BUTTERNUT HB,2019-12-08
1266,1,West hartford,46000020861,MACARONI CHEESE MUSHROOM BUTTERNUT HB,2019-11-18
1267,1,West hartford,46000024415,"Passover, Rosemary Roasted Potatoes with Lemon",2019-10-19
1268,1,West hartford,46000059701,"Pollock, Olive Tomato & Parsley HSH NA",2019-12-13
1269,1,West hartford,46000059701,"Pollock, Olive Tomato & Parsley HSH NA",2019-12-13
1270,1,West hartford,46000019141,RICE LIME CILANTRO HB,2019-12-14
1271,1,West hartford,46000030852,SALAD BRUSSELS BUTTERNUT MAPLE WALNUT SB,2019-12-15
1272,1,West hartford,9948248557,SOUP AROMATIC BUTTERNUT,2019-12-13
1273,1,West hartford,9948248921,SOUP VEGAN PUMPKIN,2019-12-13
1274,1,West hartford,46000030044,STEW SPICY MUSHROOM ETOUFFEE HB,2019-11-30
1275,1,West hartford,46000030045,SWEET POTATO MAPLE MASHED HB,2019-12-08
1276,1,West hartford,46000021987,"Salad, Cranberry Orange Kale SB NA",2019-12-15
1277,0,West hartford,46000001661,Plantains,
1278,0,West hartford,46000059700,Ham & Cheese Omelet,
1279,0,West hartford,46000064881,Challah French Toast,
1280,0,West hartford,46000063817,Corned Beef Hash,
1281,0,West hartford,46000025644,Quiche Lorraine,
1282,0,West hartford,26747000000,Cajun Wedged Sweet Potatoes,
1283,0,West hartford,46000026998,Blistered Tom & Artichoke Pork Loin,
1284,0,West hartford,46000027005,Mediterranean Sweet Potato,
1285,0,West hartford,46000027003,Pistachio Parsley Rice,
1286,0,West hartford,46000026992,Honey Pistachio Green Beans,
1287,0,West hartford,46000024224,Garlic Zucchini,
1288,0,West hartford,46000024976,"Chicken, Mushroom Herb",
1289,0,West hartford,46000029958,"Sweet Potato, Mangalore Ghee with Spinach",
1290,0,West hartford,46000026168,Turmeric Kale Rice,
1291,0,West hartford,46000060410,"Lasagna, Cheese Severino",
1292,0,West hartford,46000029307,"Pot Pie, Chicken Mushroom Bacon",
1293,0,West hartford,46000029308,"Pot Pie, Turkey Mushroom Bacon",
1294,0,West hartford,46000029310,"Romanesco, Autumn with Vegan Parmesan",
1295,0,West hartford,46000024077,Chinese Black Pepper Green Beans,
1296,0,West hartford,46000018433,Berry Power Salad,
1297,0,West hartford,46000027163,Potato & Scallion Salad,
1298,0,West hartford,46000060285,Sweet Potato & Vidalia Onion,
1299,0,West hartford,27661900000,Roman Cappellini Pasta Salad,
1300,0,West hartford,27661300000,Bistro Pasta Salad,
1301,0,West hartford,46000024072,Mediterranean Salmon Salad,
1302,0,West hartford,46000025181,Chophouse Steak Salad,
1303,0,West hartford,46000024081,Mexican Caesar Salad,
1304,0,West hartford,46000007477,Summer Squash,
1305,0,West hartford,46000059426,Snap Peas,
1306,0,West hartford,46000013170,Seasonal Citrus,
1307,0,West hartford,46000055744,Blackberries,
1308,0,West hartford,46000055827,Red Grapes,
1309,0,West hartford,46000055938,Strawberries,
1310,0,West hartford,46000055747,Blueberries,
1311,0,West hartford,46000055836,Honeydew Melon,
1312,0,West hartford,46000058735,Dolmas,
1313,0,West hartford,48000004687,CABBAGE RED SHRD 4/5LB OG,
1314,0,West hartford,46000055286,OATS STEEL CUT PREPARED HB,
1315,0,West hartford,46000008487,CUCUMBER SB,
1316,0,West hartford,46000064386,RICE WHITE COOKED HB,
1317,0,West hartford,46000064385,RICE BROWN COOKED HB,
1318,0,West hartford,46000006964,"Salad, Chicken Balsamic with Vegetables NA",
1319,0,West hartford,46000011879,"Salad, Quinoa with Celeriac & Apples SB NA",
1320,0,West hartford,46000063905,"Salad, Broccoli Crunch RFG CE",
1321,0,West hartford,46000063687,Purple Cauliflower,
1322,0,West hartford,46000055829,Blanched Green Beans,
1323,0,West hartford,46000063681,Red Grape Tomatoes,
1324,0,West hartford,46000018408,"Cauliflower, Kounoupidi with Pistachios & Mint HB NA",
1325,0,West hartford,46000026993,"Green Beans, Tomato Garlic HB NA",
1326,0,West hartford,46000018440,"Rice, Spanakorizo HB NA",
1327,0,West hartford,46000025412,"Beef, Feta Olive HB NA",
1328,0,West hartford,46000018407,"Potatoes, Patates Psites HB NA",
1329,0,West hartford,46000030013,traditional latkes,
1330,0,West hartford,46000030039,"Green Beans, Mushrooms & Tehina 1.5lb eStore CE",
1331,0,West hartford,46000030036,"Eggplant, Twice Cooked 2lb eStore CE",
1332,0,West hartford,46000030015,Leek & Potato Cakes 2lb Chef LMT eStore CE,
1333,0,West hartford,46000030029,"Chicken, Schnitzel with Apple Amba 4lb eStore CE",
1334,0,West hartford,9948248927,ALPHABET SOUP,
1335,0,West hartford,9948248923,JERK CHICKEN,
1336,0,West hartford,9948248931,QUINOA CHILI,
1337,0,West hartford,9948248935,SOUP CREAMY MUSHROOM,
1338,0,West hartford,66797875742,SOUP ITALIAN WEDDING,
1339,0,West hartford,46000055823,gigande beans in vinaigrette,
1340,0,West hartford,46000021749,Ruby Red Grapefruit Rounds,
1341,0,West hartford,46000029640,Opal Apple,
1342,0,West hartford,46000062563,Pomegranate Seeds,
1343,0,West hartford,46000031321,SALAD TUNA CITRUS JICAMA SB,
1344,0,West hartford,46000030849,SALAD APPLE ENDIVE GRUYERE SB,
1345,0,West hartford,46000031320,SALAD PASTA RSTD BROCCOLI RABE ONION SB,
1346,380,Cranston,46000060414,Macaroni & Cheese,2019-12-15
1347,361,Cranston,46000007582,Chicken Tenders,2019-12-15
1348,327,Cranston,46000057474,Mashed Potatoes,2019-12-15
1349,297,Cranston,46000064878,Waffle Fries,2019-12-15
1350,292,Cranston,46000064891,Steamed Broccoli,2019-12-15
1351,258,Cranston,46000064578,American Chop Suey,2019-12-15
1352,201,Cranston,46000064980,Tomato Olive Chicken,2019-12-15
1353,201,Cranston,46000064980,Tomato Olive Chicken,2019-12-14
1354,193,Cranston,46000064940,EGGS SCRAMBLED HB,2019-12-15
1355,175,Cranston,46000059700,OMELETTE HAM CHEESE HB,2019-12-15
1356,168,Cranston,46000060011,Bacon,2019-12-15
1357,162,Cranston,46000064881,FRENCH TOAST CHALLAH HB,2019-12-15
1358,147,Cranston,46000008433,POTATO HOME FRIES HB,2019-12-15
1359,135,Cranston,46000063826,HUEVOS RANCHEROS HB,2019-12-15
1360,132,Cranston,46000063709,Buffalo Wings,2019-12-15
1361,131,Cranston,46000059680,MUSHROOMS GARLIC SAUTEED SB,2019-12-15
1362,126,Cranston,46000060718,Saffron Rice,2019-11-21
1363,120,Cranston,46000064784,SWEET POTATO ROASTED HB,2019-12-14
1364,117,Cranston,46000055863,Romaine Lettuce,2019-12-13
1365,117,Cranston,46000055863,Romaine Lettuce,2019-12-03
1366,113,Cranston,46000016160,Buttered Chicken Meatballs,2019-11-23
1367,111,Cranston,46000059679,PEPPERS ONIONS SAUTEED SB,2019-12-14
1368,109,Cranston,46000057439,Chicken Tikka Masala,2019-11-01
1369,106,Cranston,46000055843,Organic Kale,2019-12-13
1370,106,Cranston,46000007560,TOFU SCRAMBLE BREAKFAST HB,2019-12-15
1371,105,Cranston,46000028962,Marias Meatballs,2019-12-15
1372,99,Cranston,46000057364,Vegetable Korma,2019-11-11
1373,94,Cranston,46000017288,Roasted vegetables,2019-12-15
1374,91,Cranston,46000008434,POTATO HASH BROWN WITH BUTTER HB,2019-12-15
1375,86,Cranston,46000057583,Potato Samosa,2019-11-02
1376,83,Cranston,46000063816,SAUSAGE BREAKFAST LINKS HB,2019-12-15
1377,79,Cranston,46000029305,Creamy Smoked Mushroom Meatloaf,2019-12-04
1378,79,Cranston,46000029305,Creamy Smoked Mushroom Meatloaf,2019-12-04
1379,77,Cranston,46000064890,Green Beans With Roasted Garlic NA,2019-12-15
1380,72,Cranston,46000007581,"Potatoes, Roasted Garlic & Rosemary HB NA",2019-12-14
1381,70,Cranston,46000065008,BACON TURKEY COOKED HB,2019-12-15
1382,65,Cranston,46000055935,Organic Spring Mix,2019-12-13
1383,65,Cranston,46000057614,Roasted Brussel Sprouts,2019-12-15
1384,57,Cranston,46000020417,Traditional Herb Stuffing,2019-12-09
1385,55,Cranston,46000055848,Kidney Beans,2019-12-14
1386,54,Cranston,46000064579,Grilled Tomato,2019-12-14
1387,53,Cranston,46000064903,Bacon Bits,2019-11-12
1388,51,Cranston,46000007288,Blue Cheese Crumbles,2019-10-16
1389,51,Cranston,46000055934,Organic Baby Spinach,2019-11-29
1390,51,Cranston,46000055903,Pineapple,2019-12-03
1391,50,Cranston,46000064385,RICE BROWN COOKED HB,2019-12-15
1392,50,Cranston,46000064385,RICE BROWN COOKED HB,2019-12-15
1393,49,Cranston,46000008487,Cucumber Rounds,2019-12-10
1394,49,Cranston,46000020407,"Sweet Potato, Maple Roasted HB NA",2019-12-15
1395,49,Cranston,46000020407,"Sweet Potato, Maple Roasted HB NA",2019-12-14
1396,48,Cranston,46000007332,Grilled Eggplant,2019-12-13
1397,47,Cranston,46000029302,"Fish, Baked with Butternut Sauce Garlic & Chili HB NA",2019-12-13
1398,47,Cranston,46000064783,Grilled Tofu,2019-12-14
1399,46,Cranston,46000029299,"Brussels Sprouts, Cacio e Pepe HB NA",2019-12-15
1400,46,Cranston,46000007333,Grilled Fennel,2019-12-13
1401,46,Cranston,46000055773,Organic Matchstick Carrots,2019-11-18
1402,45,Cranston,46000027163,Grilled Potato Scallion Salad,2019-12-12
1403,45,Cranston,46000055715,Organic Arugula,2019-12-13
1404,44,Cranston,46000029300,Butternut Orange Cauliflower Wedges,2019-11-14
1405,44,Cranston,46000029300,Butternut Orange Cauliflower Wedges,2019-10-24
1406,43,Cranston,46000060270,BBQ Wings,2019-12-15
1407,43,Cranston,46000030030,Collard Greens & Tomatoes,2019-12-15
1408,43,Cranston,46000007336,Grilled Asparagus,2019-12-13
1409,43,Cranston,46000027169,Hatch Turkey Chili Salad,2019-12-13
1410,43,Cranston,46000055913,QUINOA OG SB,2019-12-10
1411,43,Cranston,46000029060,Sicilian Cauliflower,2019-12-13
1412,42,Cranston,46000064656,Salad Chicken Roasted Garlic Asparagus,2019-12-13
1413,42,Cranston,28796400000,Sante Fe Turkey Tips,2019-12-13
1414,41,Cranston,46000055871,Slice Button Mushrooms,2019-12-14
1415,40,Cranston,46000055728,BEETS CV SB,2019-12-12
1416,40,Cranston,46000060413,Bourbon Wings,2019-12-15
1417,40,Cranston,46000020411,"Cauliflower, Roasted Chile & Garlic HB NA",2019-12-08
1418,40,Cranston,46000020411,"Cauliflower, Roasted Chile & Garlic HB NA",2019-11-21
1419,40,Cranston,46000055820,Chickpeas,2019-12-14
1420,40,Cranston,46000024765,Israeli Cucumber Salad,2019-12-13
1421,40,Cranston,46000029306,Pierogies with onions,2019-12-15
1422,40,Cranston,46000029306,Pierogies with onions,2019-12-14
1423,40,Cranston,46000010703,Tailgate Coleslaw,2019-12-15
1424,39,Cranston,46000024073,Antipasto Salad,2019-12-13
1425,39,Cranston,46000055775,CV Cauliflower,2019-12-10
1426,39,Cranston,46000024561,Eggplant Rollatinis,2019-12-10
1427,38,Cranston,46000064581,Grilled zucchini,2019-12-14
1428,38,Cranston,46000055836,Honeydew,2019-12-09
1429,38,Cranston,46000064885,"Nuggets, Sesame Vegan HB NA",2019-11-18
1430,38,Cranston,46000064885,"Nuggets, Sesame Vegan HB NA",2019-11-18
1431,38,Cranston,46000050194,QUICHE FLORENTINE 24OZ HB,2019-12-15
1432,38,Cranston,46000011734,Shredded Parmesan,2019-10-22
1433,37,Cranston,46000055768,Cantelope,2019-12-09
1434,37,Cranston,46000011157,Fried Buffalo Chicken Strips,2019-12-15
1435,37,Cranston,46000007116,Grated Parmesan,2019-11-04
1436,37,Cranston,28452000000,Grilled Chicken,2019-11-17
1437,37,Cranston,46000055832,Hard Boild Eggs,2019-12-14
1438,37,Cranston,46000055832,Hard Boild Eggs,2019-12-10
1439,36,Cranston,46000030037,Green Beans and Garlic,2019-12-15
1440,36,Cranston,46000030037,Green Beans and Garlic,2019-12-14
1441,36,Cranston,46000030037,Green Beans and Garlic,2019-12-14
1442,36,Cranston,46000063808,OATMEAL STEEL CUT COCONUT MILK HB,2019-12-14
1443,36,Cranston,26139600000,ORZO SALAD HEIRLOOM TOMATO KALE CC,2019-12-15
1444,36,Cranston,26139600000,ORZO SALAD HEIRLOOM TOMATO KALE CC,2019-10-13
1445,36,Cranston,46000055911,Red & White Quinoa,2019-12-15
1446,36,Cranston,46000055911,Red & White Quinoa,2019-12-10
1447,36,Cranston,46000059669,Tabbouleh,2019-12-10
1448,35,Cranston,46000026514,BBQ Peach Collard Kale Salad,2019-10-14
1449,35,Cranston,46000028909,Chicken Breast Mustard Glaze,2019-11-22
1450,35,Cranston,46000028909,Chicken Breast Mustard Glaze,2019-10-25
1451,35,Cranston,46000055854,Lemon Wedges,2019-12-10
1452,35,Cranston,46000055794,Organic Corn,2019-12-02
1453,35,Cranston,46000055881,Organic Red Onions,2019-12-14
1454,35,Cranston,46000011087,Zucchini Noodle,2019-12-12
1455,34,Cranston,46000014318,Balsamic Mushrooms,2019-11-19
1456,34,Cranston,46000055736,Mixed Sliced Peppers,2019-12-07
1457,34,Cranston,46000028911,"Potatoes, Roasted with Dill & Mustard Ale PGI HB CE",2019-12-15
1458,34,Cranston,46000060242,Salmon Salad,2019-12-02
1459,34,Cranston,46000010080,Seafood Salad,2019-12-05
1460,34,Cranston,46000063710,Sweet Chili Wings,2019-12-02
1461,33,Cranston,27074300000,Broccoli Crunch,2019-11-18
1462,33,Cranston,26740400000,Broccoli with Chilis,2019-12-10
1463,33,Cranston,26278000000,Buffalo Tofu,2019-12-11
1464,33,Cranston,48000009810,CROUTONS GARLIC BUTTER,2019-11-05
1465,33,Cranston,46000006965,Chickpea Salad,2019-11-01
1466,33,Cranston,46000060601,Corn Arugula Salad,2019-12-15
1467,33,Cranston,46000064478,Grilled Bok Choy,2019-12-06
1468,33,Cranston,46000055863,Iceburg Wedges,2019-12-13
1469,33,Cranston,46000055863,Iceburg Wedges,2019-12-03
1470,33,Cranston,46000050193,QUICHE BROCCOLI CHEDDAR 24OZ HB,2019-12-15
1471,33,Cranston,46000063949,Sonoma Chicken Salad,2019-12-13
1472,32,Cranston,46000012696,Berry mix,2019-12-13
1473,32,Cranston,27720900000,Bucks Tuna Salad,2019-11-18
1474,31,Cranston,46000055751,CV Broccoli,2019-12-07
1475,31,Cranston,46000028908,Cider Glazed Carrots,2019-12-12
1476,31,Cranston,46000028908,Cider Glazed Carrots,2019-10-28
1477,31,Cranston,46000007334,Grilled Peppers,2019-12-10
1478,31,Cranston,46000055911,White Quinoa,2019-12-15
1479,31,Cranston,46000055911,White Quinoa,2019-12-10
1480,30,Cranston,46000055742,Black Beans,
1481,30,Cranston,46000060727,CV Celery,2019-11-12
1482,30,Cranston,26104100000,Fuji Tuna Salad,2019-12-12
1483,30,Cranston,46000021381,Grilled Naan,2019-12-14
1484,30,Cranston,46000029305,"Meatloaf, Creamy Smoked Mushroom HB NA",2019-12-04
1485,30,Cranston,46000029305,"Meatloaf, Creamy Smoked Mushroom HB NA",2019-12-04
1486,30,Cranston,46000063809,OATMEAL STEEL CUT CINNAMON RAISIN HB,2019-12-14
1487,30,Cranston,46000029309,"Potatoes, Fingerling Fried Salt & Vinegar HB NA",2019-12-11
1488,30,Cranston,46000029309,"Potatoes, Fingerling Fried Salt & Vinegar HB NA",2019-12-06
1489,30,Cranston,46000059670,Sesame Noodle,2019-12-10
1490,30,Cranston,46000055938,Strawberries,2019-12-03
1491,29,Cranston,46000060636,Feta Cheese,2019-12-02
1492,29,Cranston,48000018567,Gigande Beans Salad,2019-10-13
1493,29,Cranston,46000064603,Golden Sesame Tofu,2019-10-29
1494,29,Cranston,29952300000,Roasted Garlic,2019-10-30
1495,29,Cranston,46000064395,YOGURT VANILLA LOW FAT SB,2019-12-10
1496,28,Cranston,46000010550,3 Way Roasted Mushroom Seasonal,2019-12-15
1497,28,Cranston,46000055711,Artichokes,2019-12-14
1498,28,Cranston,46000011089,Beet Noodle,2019-12-14
1499,28,Cranston,46000058735,Dolmas,2019-10-14
1500,28,Cranston,46000059671,Hummus,2019-10-13
1501,28,Cranston,46000055808,Organic Edemame,2019-11-11
1502,28,Cranston,46000059425,Roasted Red Peppers,2019-11-27
1503,28,Cranston,46000029309,Salt & Vinegar Fingerlings,2019-12-11
1504,28,Cranston,46000029309,Salt & Vinegar Fingerlings,2019-12-06
1505,28,Cranston,46000055943,Sliced Tomatoes,2019-11-21
1506,27,Cranston,46000055880,Diced Red Onion,2019-12-07
1507,27,Cranston,46000064396,GRANOLA VANILLA ALMOND SB,2019-10-13
1508,27,Cranston,26887100000,Garlic Teriyaki Tofu,2019-11-16
1509,27,Cranston,46000055766,Organic Red Cabbage,2019-12-04
1510,27,Cranston,46000055899,Pepperoncini,2019-12-14
1511,27,Cranston,46000008385,Pita Bread,2019-12-14
1512,27,Cranston,46000008385,Pita Bread,2019-12-11
1513,27,Cranston,27690800000,Sweet Chili tofu,2019-11-11
1514,26,Cranston,46000030037,Green Beans & Shallots,2019-12-15
1515,26,Cranston,46000030037,Green Beans & Shallots,2019-12-14
1516,26,Cranston,46000030037,Green Beans & Shallots,2019-12-14
1517,25,Cranston,46000018687,"Burger, Beef with Mushrooms & Onions HB NA",2019-12-01
1518,25,Cranston,46000055878,CV Green Onions,2019-10-13
1519,25,Cranston,46000064785,Falafel,2019-10-13
1520,25,Cranston,46000064170,Grilled Balsamic Chicken,2019-10-13
1521,25,Cranston,46000055877,Olives,2019-10-15
1522,25,Cranston,46000055893,Organic Peas,2019-11-21
1523,25,Cranston,27470100000,Roast Beef,2019-11-19
1524,25,Cranston,46000026516,Summer Squash Panzanella,2019-12-02
1525,25,Cranston,46000063681,TOMATO GRAPE SB OG,2019-11-30
1526,25,Cranston,46000059666,Tzatziki,2019-10-13
1527,24,Cranston,46000055827,Grapes,2019-10-22
1528,24,Cranston,46000020407,Msaple roasted sweet potato,2019-12-15
1529,24,Cranston,46000020407,Msaple roasted sweet potato,2019-12-14
1530,24,Cranston,46000030026,Roasted Salt & Pepper Turkey Breast & Gravy (breast not globally spec’d),2019-12-07
1531,24,Cranston,46000030026,Roasted Salt & Pepper Turkey Breast & Gravy (breast not globally spec’d),2019-12-07
1532,24,Cranston,46000003328,Spinach Feta Orzo Salad,2019-12-06
1533,22,Cranston,46000007335,Grilled Red Onion,2019-11-15
1534,21,Cranston,28887900000,Curry Chicken Salad,2019-11-20
1535,21,Cranston,46000028910,"Greens, Apple Cider PGI HB CE",2019-12-15
1536,21,Cranston,46000050195,QUICHE LORRAINE 24OZ HB,2019-12-12
1537,20,Cranston,46000029306,"Pierogi, Sauerkraut & Sweet Potato HB NA",2019-12-15
1538,20,Cranston,46000029306,"Pierogi, Sauerkraut & Sweet Potato HB NA",2019-12-14
1539,18,Cranston,46000060410,Cheese Lasagna,2019-10-31
1540,18,Cranston,46000010140,Chipotle Lime Tofu,2019-12-15
1541,18,Cranston,46000058489,Plain Wings,2019-11-26
1542,17,Cranston,46000063825,EGGS POACHED HB,2019-11-15
1543,17,Cranston,46000030037,Green Beans & Shallots (hot bar set only- not part of meal),2019-12-15
1544,17,Cranston,46000030037,Green Beans & Shallots (hot bar set only- not part of meal),2019-12-14
1545,17,Cranston,46000030037,Green Beans & Shallots (hot bar set only- not part of meal),2019-12-14
1546,17,Cranston,46000013629,Queso Sauce,2019-12-15
1547,16,Cranston,46000021385,Avocado Mash,2019-12-14
1548,16,Cranston,46000064385,Brown Rice,2019-12-15
1549,16,Cranston,46000064385,Brown Rice,2019-12-15
1550,16,Cranston,46000030044,Mushroom Etouffee,2019-12-01
1551,16,Cranston,46000024415,"Passover, Rosemary Roasted Potatoes with Lemon HB CE",2019-12-10
1552,16,Cranston,46000030025,Vegan Cornbread Dressing,2019-11-27
1553,15,Cranston,46000056666,Beef Barbacoa,2019-12-15
1554,15,Cranston,46000011487,"Pierogi, Fried With Melted Onions HB NA",2019-11-24
1555,15,Cranston,46000023454,Pork Al Pastor,2019-12-14
1556,15,Cranston,46000021383,Pumpkin Seed Pesto,2019-12-14
1557,14,Cranston,46000020429,Chicken White Bean,2019-11-30
1558,13,Cranston,46000028909,"Chicken Breast, Mustard Ale Glazed PGI HB CE",2019-11-22
1559,13,Cranston,46000028909,"Chicken Breast, Mustard Ale Glazed PGI HB CE",2019-10-25
1560,13,Cranston,46000023453,Cilantro Lime Cauliflower Rice,2019-12-15
1561,12,Cranston,46000015079,Chicken Ceasar Pasta Salad,2019-10-22
1562,11,Cranston,46000030014,Black Eyed Pea Fritters Chef LMT HB CE,2019-11-05
1563,11,Cranston,46000008385,Grilled Pita,2019-12-14
1564,11,Cranston,46000008385,Grilled Pita,2019-12-11
1565,11,Cranston,26139600000,Heirloom Tomato Kale Orzo Salad,2019-12-15
1566,11,Cranston,26139600000,Heirloom Tomato Kale Orzo Salad,2019-10-13
1567,11,Cranston,46000060268,Steamed Carrots,2019-11-07
1568,11,Cranston,46000064980,Tomato olive chicken,2019-12-15
1569,11,Cranston,46000064980,Tomato olive chicken,2019-12-14
1570,10,Cranston,46000023452,Cumin Sweet Potatoes,2019-12-15
1571,10,Cranston,46000021384,Mashed Garbanso,2019-11-23
1572,10,Cranston,46000015892,ONION RED GRILLED SB,2019-11-30
1573,9,Cranston,46000022022,Creamed Spinach & Kale,2019-12-03
1574,9,Cranston,46000022022,Creamed Spinach & Kale,2019-12-02
1575,9,Cranston,46000022022,Creamed Spinach & Kale Kettle CV HB CE,2019-12-03
1576,9,Cranston,46000022022,Creamed Spinach & Kale Kettle CV HB CE,2019-12-02
1577,8,Cranston,46000004688,Garlic Lime Chicken,2019-12-09
1578,8,Cranston,46000062848,Roasted Tomatoes,2019-12-14
1579,7,Cranston,46000055832,Chopped Egg,2019-12-14
1580,7,Cranston,46000055832,Chopped Egg,2019-12-10
1581,7,Cranston,46000023455,Citrus Fajita Veggies,2019-12-14
1582,7,Cranston,46000024761,Guacamole,
1583,7,Cranston,46000030026,Roasted Salt & Pepper Turkey Breast & Gravy,2019-12-07
1584,7,Cranston,46000030026,Roasted Salt & Pepper Turkey Breast & Gravy,2019-12-07
1585,7,Cranston,46000020411,Roasted cauliflower with chili and garlic,2019-12-08
1586,7,Cranston,46000020411,Roasted cauliflower with chili and garlic,2019-11-21
1587,6,Cranston,46000008652,Black Olives,2019-12-05
1588,6,Cranston,46000019788,Pickled Beets,2019-12-14
1589,5,Cranston,46000055932,Baby Spinach,2019-12-14
1590,5,Cranston,46000060630,Cheddar Cheese,2019-12-05
1591,5,Cranston,46000060421,Creamy Mashed Potatoes,2019-12-04
1592,5,Cranston,48000037963,Pico De Gallo,2019-12-08
1593,5,Cranston,48000037963,Pico De Gallo,2019-12-05
1594,5,Cranston,46000064885,vegan sesame nuggets,2019-11-18
1595,5,Cranston,46000064885,vegan sesame nuggets,2019-11-18
1596,4,Cranston,82512000610,Corn Chips,2019-12-05
1597,4,Cranston,46000029308,"Pot Pie, Turkey Mushroom Bacon HB NA",2019-12-06
1598,4,Cranston,46000062681,Sausage Peppers and Onions,2019-11-26
1599,4,Cranston,46000055930,Sour Cream,2019-12-05
1600,3,Cranston,46000006049,Bacon Ranch Potato Salad,2019-12-10
1601,3,Cranston,46000029300,"Cauliflower, Wedges with Butternut Orange Sauce HB NA",2019-11-14
1602,3,Cranston,46000029300,"Cauliflower, Wedges with Butternut Orange Sauce HB NA",2019-10-24
1603,3,Cranston,82512000812,Flour Chips,2019-12-05
1604,3,Cranston,48000037963,Pico de Gallo,2019-12-08
1605,3,Cranston,48000037963,Pico de Gallo,2019-12-05
1606,3,Cranston,46000059701,"Pollock, Olive Tomato & Parsley HSH NA",2019-12-15
1607,3,Cranston,46000029307,"Pot Pie, Chicken Mushroom Bacon HB NA",2019-11-26
1608,3,Cranston,26489600000,SANDWICH BREAKFAST EGG CHEESE ENGLISH MUFFIN HC,2019-11-04
1609,3,Cranston,46000007609,"Salad, Kale & Brussels Sprouts SB NA",2019-12-15
1610,2,Cranston,24243900000,BURRITO BREAKFAST EGG,2019-10-24
1611,2,Cranston,46000021382,Grilled Sourdough,2019-12-04
1612,2,Cranston,46000055858,Iceberg Lettuce - Shredded,2019-12-03
1613,2,Cranston,46000060419,Pasta with Marinara,2019-10-16
1614,2,Cranston,26490600000,SANDWICH BREAKFAST HAM EGG CHEESE HB,2019-12-08
1615,1,Cranston,46000028908,"Carrots, Apple Cider Glazed PGI HB CE",2019-12-12
1616,1,Cranston,46000028908,"Carrots, Apple Cider Glazed PGI HB CE",2019-10-28
1617,1,Cranston,46000055786,Cilantro,2019-12-03
1618,1,Cranston,46000055838,Fresh Jalapenos,2019-11-04
1619,1,Cranston,46000021987,"Salad, Cranberry Orange Kale SB NA",2019-12-15
1620,0,Cranston,46000056503,Black Beans,
1621,0,Cranston,24243800000,BURRITO BREAKFAST BACON HC,
1622,0,Cranston,46000006607,Black Beans,
1623,0,Cranston,46000004678,Pinto Beans,
1624,0,Cranston,46000014491,Chorizo aka burrito bacon,
1625,0,Cranston,27819700000,Guacamole,
1626,0,Cranston,46000023456,Corn Salsa,
1627,0,Cranston,9948244790,365 Tomatillo Salsa,
1628,0,Cranston,9948242649,365 Roasted Chipotle Salsa,
1629,0,Cranston,27388900000,Pickled Onions,
1630,0,Cranston,46000055865,Lime Wedges,
1631,0,Cranston,46000006964,"Salad, Chicken Balsamic with Vegetables NA",
1632,0,Cranston,46000011879,"Salad, Quinoa with Celeriac & Apples SB NA",
1633,0,Cranston,46000063905,"Salad, Broccoli Crunch RFG CE",
1634,0,Cranston,46000063687,Purple Cauliflower,
1635,0,Cranston,46000055829,Blanched Green Beans,
1636,0,Cranston,46000018408,"Cauliflower, Kounoupidi with Pistachios & Mint HB NA",
1637,0,Cranston,46000026993,"Green Beans, Tomato Garlic HB NA",
1638,0,Cranston,46000018440,"Rice, Spanakorizo HB NA",
1639,0,Cranston,46000025412,"Beef, Feta Olive HB NA",
1640,0,Cranston,46000018407,"Potatoes, Patates Psites HB NA",
1641,0,Cranston,46000030013,traditional latkes,
1642,0,Cranston,46000030039,"Green Beans, Mushrooms & Tehina 1.5lb eStore CE",
1643,0,Cranston,46000030036,"Eggplant, Twice Cooked 2lb eStore CE",
1644,0,Cranston,46000030015,Leek & Potato Cakes 2lb Chef LMT eStore CE,
1645,0,Cranston,46000030029,"Chicken, Schnitzel with Apple Amba 4lb eStore CE",
1646,0,Cranston,9948248927,ALPHABET SOUP,
1647,0,Cranston,9948248921,SOUP VEGAN PUMPKIN,
1648,0,Cranston,9948248923,JERK CHICKEN,
1649,0,Cranston,9948248931,QUINOA CHILI,
1650,0,Cranston,9948248935,SOUP CREAMY MUSHROOM,
1651,0,Cranston,66797875742,SOUP ITALIAN WEDDING,
1652,0,Cranston,9948248557,SOUP AROMATIC BUTTERNUT,
1653,0,Cranston,46000055823,gigande beans in vinaigrette,
1654,0,Cranston,46000055812,farro,
1655,0,Cranston,46000021749,Ruby Red Grapefruit Rounds,
1656,0,Cranston,46000029640,Opal Apple,
1657,0,Cranston,46000062563,Pomegranate Seeds,
