"11","Salad Bar Waste Module","N,"Lunch","Sunday","9","N,"N
"12","Salad Bar Waste Module","N,"Lunch","Monday","9","N,"N
"13","Salad Bar Waste Module","N,"Lunch","Tuesday","9","N,"N
"14","Salad Bar Waste Module","N,"Lunch","Wednesday","9","N,"N
"15","Salad Bar Waste Module","N,"Lunch","Thursday","9","N,"N
"16","Salad Bar Waste Module","N,"Lunch","Friday","9","N,"N
"17","Salad Bar Waste Module","N,"Lunch","Saturday","9","N,"N
"18","Salad Bar Waste Module","N,"Dinner","Sunday","9","N,"N
"19","Salad Bar Waste Module","N,"Dinner","Friday","9","N,"N
"20","Salad Bar Waste Module","N,"Dinner","Tuesday","9","N,"N
"21","Salad Bar Waste Module","N,"Dinner","Wednesday","9","N,"N
"22","Salad Bar Waste Module","N,"Dinner","Thursday","9","N,"N
"23","Salad Bar Waste Module","N,"Dinner","Monday","9","N,"N
"24","Salad Bar Waste Module","N,"Dinner","Saturday","9","N,"N
"25","Deli Bar Waste Module","N,"Lunch","Sunday","9","N,"N
"26","Deli Bar Waste Module","N,"Lunch","Monday","9","N,"N
"27","Deli Bar Waste Module","N,"Lunch","Tuesday","9","N,"N
"28","Deli Bar Waste Module","N,"Lunch","Thursday","9","N,"N
"29","Deli Bar Waste Module","N,"Lunch","Wednesday","9","N,"N
"30","Deli Bar Waste Module","N,"Lunch","Friday","9","N,"N
"31","Deli Bar Waste Module","N,"Lunch","Saturday","9","N,"N
"32","Deli Bar Waste Module","N,"Dinner","Sunday","9","N,"N
"33","Deli Bar Waste Module","N,"Dinner","Monday","9","N,"N
"34","Deli Bar Waste Module","N,"Dinner","Tuesday","9","N,"N
"35","Deli Bar Waste Module","N,"Dinner","Wednesday","9","N,"N
"36","Deli Bar Waste Module","N,"Dinner","Thursday","9","N,"N
"37","Deli Bar Waste Module","N,"Dinner","Friday","9","N,"N
"38","Deli Bar Waste Module","N,"Dinner","Saturday","9","N,"N
"39","Salad Dressing Waste Module","N,"Lunch","Sunday","9","N,"N
"40","Salad Dressing Waste Module","N,"Lunch","Monday","9","N,"N
"41","Salad Dressing Waste Module","N,"Lunch","Tuesday","9","N,"N
"42","Salad Dressing Waste Module","N,"Lunch","Wednesday","9","N,"N
"43","Salad Dressing Waste Module","N,"Lunch","Thursday","9","N,"N
"44","Salad Dressing Waste Module","N,"Lunch","Friday","9","N,"N
"45","Salad Dressing Waste Module","N,"Lunch","Saturday","9","N,"N
"46","Salad Dressing Waste Module","N,"Dinner","Sunday","9","N,"N
"47","Salad Dressing Waste Module","N,"Dinner","Monday","9","N,"N
"48","Salad Dressing Waste Module","N,"Dinner","Tuesday","9","N,"N
"49","Salad Dressing Waste Module","N,"Dinner","Wednesday","9","N,"N
"50","Salad Dressing Waste Module","N,"Dinner","Thursday","9","N,"N
"51","Salad Dressing Waste Module","N,"Dinner","Friday","9","N,"N
"52","Salad Dressing Waste Module","N,"Dinner","Saturday","9","N,"N
"53","Salad Bar Waste Module","N,"Lunch","Sunday","11","N,"N
"54","Salad Bar Waste Module","N,"Lunch","Tuesday","11","N,"N
"55","Salad Bar Waste Module","N,"Lunch","Monday","11","N,"N
"56","Salad Bar Waste Module","N,"Lunch","Wednesday","11","N,"N
"57","Salad Bar Waste Module","N,"Lunch","Thursday","11","N,"N
"58","Salad Bar Waste Module","N,"Lunch","Friday","11","N,"N
"59","Salad Bar Waste Module","N,"Lunch","Saturday","11","N,"N
"60","Salad Bar Waste Module","N,"Dinner","Sunday","11","N,"N
"61","Salad Bar Waste Module","N,"Dinner","Monday","11","N,"N
"62","Salad Bar Waste Module","N,"Dinner","Tuesday","11","N,"N
"63","Salad Bar Waste Module","N,"Dinner","Wednesday","11","N,"N
"64","Salad Bar Waste Module","N,"Dinner","Thursday","11","N,"N
"65","Salad Bar Waste Module","N,"Dinner","Friday","11","N,"N
"66","Salad Bar Waste Module","N,"Dinner","Saturday","11","N,"N
"67","Deli Bar Waste Module","N,"Lunch","Sunday","11","N,"N
"68","Deli Bar Waste Module","N,"Lunch","Monday","11","N,"N
"69","Deli Bar Waste Module","N,"Lunch","Tuesday","11","N,"N
"70","Deli Bar Waste Module","N,"Lunch","Wednesday","11","N,"N
"71","Deli Bar Waste Module","N,"Lunch","Thursday","11","N,"N
"72","Deli Bar Waste Module","N,"Lunch","Friday","11","N,"N
"73","Deli Bar Waste Module","N,"Lunch","Saturday","11","N,"N
"74","Deli Bar Waste Module","N,"Dinner","Sunday","11","N,"N
"75","Deli Bar Waste Module","N,"Dinner","Monday","11","N,"N
"76","Deli Bar Waste Module","N,"Dinner","Tuesday","11","N,"N
"77","Deli Bar Waste Module","N,"Dinner","Wednesday","11","N,"N
"78","Deli Bar Waste Module","N,"Dinner","Thursday","11","N,"N
"79","Deli Bar Waste Module","N,"Dinner","Friday","11","N,"N
"80","Deli Bar Waste Module","N,"Dinner","Saturday","11","N,"N
"81","Salad Dressing Waste Module","N,"Dinner","Sunday","11","N,"N
"82","Salad Dressing Waste Module","N,"Dinner","Monday","11","N,"N
"83","Salad Dressing Waste Module","N,"Dinner","Tuesday","11","N,"N
"84","Salad Dressing Waste Module","N,"Dinner","Wednesday","11","N,"N
"85","Salad Dressing Waste Module","N,"Dinner","Thursday","11","N,"N
"86","Salad Dressing Waste Module","N,"Dinner","Friday","11","N,"N
"87","Salad Dressing Waste Module","N,"Dinner","Saturday","11","N,"N
"88","Salad Dressing Waste Module","N,"Lunch","Sunday","11","N,"N
"89","Salad Dressing Waste Module","N,"Lunch","Monday","11","N,"N
"90","Salad Dressing Waste Module","N,"Lunch","Tuesday","11","N,"N
"91","Salad Dressing Waste Module","N,"Lunch","Wednesday","11","N,"N
"92","Salad Dressing Waste Module","N,"Lunch","Thursday","11","N,"N
"93","Salad Dressing Waste Module","N,"Lunch","Friday","11","N,"N
"94","Salad Dressing Waste Module","N,"Lunch","Saturday","11","N,"N
"95","Salad Dressing Waste Module","N,"Lunch","Sunday","12","N,"N
"96","Salad Dressing Waste Module","N,"Lunch","Friday","12","N,"N
"97","Salad Dressing Waste Module","N,"Lunch","Tuesday","12","N,"N
"98","Salad Dressing Waste Module","N,"Lunch","Wednesday","12","N,"N
"99","Salad Dressing Waste Module","N,"Lunch","Thursday","12","N,"N
"100","Salad Dressing Waste Module","N,"Lunch","Monday","12","N,"N
"101","Salad Dressing Waste Module","N,"Lunch","Saturday","12","N,"N
"102","Salad Dressing Waste Module","N,"Dinner","Sunday","12","N,"N
"103","Salad Dressing Waste Module","N,"Dinner","Monday","12","N,"N
"104","Salad Dressing Waste Module","N,"Dinner","Tuesday","12","N,"N
"105","Salad Dressing Waste Module","N,"Dinner","Wednesday","12","N,"N
"106","Salad Dressing Waste Module","N,"Dinner","Thursday","12","N,"N
"107","Salad Dressing Waste Module","N,"Dinner","Friday","12","N,"N
"108","Salad Dressing Waste Module","N,"Dinner","Saturday","12","N,"N
"109","Salad Bar Waste Module","N,"Dinner","Sunday","12","N,"N
"110","Salad Bar Waste Module","N,"Dinner","Monday","12","N,"N
"111","Salad Bar Waste Module","N,"Dinner","Tuesday","12","N,"N
"112","Salad Bar Waste Module","N,"Dinner","Wednesday","12","N,"N
"113","Salad Bar Waste Module","N,"Dinner","Thursday","12","N,"N
"114","Salad Bar Waste Module","N,"Dinner","Friday","12","N,"N
"115","Salad Bar Waste Module","N,"Dinner","Saturday","12","N,"N
"116","Salad Bar Waste Module","N,"Lunch","Sunday","12","N,"N
"117","Salad Bar Waste Module","N,"Lunch","Monday","12","N,"N
"118","Salad Bar Waste Module","N,"Lunch","Tuesday","12","N,"N
"119","Salad Bar Waste Module","N,"Lunch","Wednesday","12","N,"N
"120","Salad Bar Waste Module","N,"Lunch","Thursday","12","N,"N
"121","Salad Bar Waste Module","N,"Lunch","Friday","12","N,"N
"122","Salad Bar Waste Module","N,"Lunch","Saturday","12","N,"N
"123","Deli Bar Waste Module","N,"Lunch","Sunday","12","N,"N
"124","Deli Bar Waste Module","N,"Lunch","Monday","12","N,"N
"125","Deli Bar Waste Module","N,"Lunch","Tuesday","12","N,"N
"126","Deli Bar Waste Module","N,"Lunch","Wednesday","12","N,"N
"127","Deli Bar Waste Module","N,"Lunch","Thursday","12","N,"N
"128","Deli Bar Waste Module","N,"Lunch","Friday","12","N,"N
"129","Deli Bar Waste Module","N,"Lunch","Saturday","12","N,"N
"130","Deli Bar Waste Module","N,"Dinner","Sunday","12","N,"N
"131","Deli Bar Waste Module","N,"Dinner","Monday","12","N,"N
"132","Deli Bar Waste Module","N,"Dinner","Tuesday","12","N,"N
"133","Deli Bar Waste Module","N,"Dinner","Wednesday","12","N,"N
"134","Deli Bar Waste Module","N,"Dinner","Thursday","12","N,"N
"135","Deli Bar Waste Module","N,"Dinner","Friday","12","N,"N
"136","Deli Bar Waste Module","N,"Dinner","Saturday","12","N,"N
"137","Deli Bar Waste Module","N,"Dinner","Sunday","10","N,"N
"138","Deli Bar Waste Module","N,"Dinner","Monday","10","N,"N
"139","Deli Bar Waste Module","N,"Dinner","Tuesday","10","N,"N
"140","Deli Bar Waste Module","N,"Dinner","Wednesday","10","N,"N
"141","Deli Bar Waste Module","N,"Dinner","Thursday","10","N,"N
"142","Deli Bar Waste Module","N,"Dinner","Friday","10","N,"N
"143","Deli Bar Waste Module","N,"Dinner","Saturday","10","N,"N
"144","Salad Bar Waste Module","N,"Dinner","Sunday","10","N,"N
"145","Salad Bar Waste Module","N,"Dinner","Monday","10","N,"N
"146","Salad Bar Waste Module","N,"Dinner","Tuesday","10","N,"N
"147","Salad Bar Waste Module","N,"Dinner","Wednesday","10","N,"N
"148","Salad Bar Waste Module","N,"Dinner","Thursday","10","N,"N
"149","Salad Bar Waste Module","N,"Dinner","Friday","10","N,"N
"150","Salad Bar Waste Module","N,"Dinner","Saturday","10","N,"N
"151","Tahini Dressing","N,"Dinner","Sunday","10","N,"N
"152","Tahini Dressing","N,"Dinner","Monday","10","N,"N
"153","Tahini Dressing","N,"Dinner","Tuesday","10","N,"N
"154","Tahini Dressing","N,"Dinner","Wednesday","10","N,"N
"155","Tahini Dressing","N,"Dinner","Thursday","10","N,"N
"156","Tahini Dressing","N,"Dinner","Friday","10","N,"N
"157","Tahini Dressing","N,"Dinner","Saturday","10","N,"N
"158","Lemon Poppy Dressing","N,"Dinner","Sunday","10","N,"N
"159","Lemon Poppy Dressing","N,"Dinner","Monday","10","N,"N
"160","Lemon Poppy Dressing","N,"Dinner","Tuesday","10","N,"N
"161","Lemon Poppy Dressing","N,"Dinner","Wednesday","10","N,"N
"162","Lemon Poppy Dressing","N,"Dinner","Thursday","10","N,"N
"163","Lemon Poppy Dressing","N,"Dinner","Friday","10","N,"N
"164","Lemon Poppy Dressing","N,"Dinner","Saturday","10","N,"N
"165","French Dressing","N,"Dinner","Sunday","10","N,"N
"166","French Dressing","N,"Dinner","Monday","10","N,"N
"167","French Dressing","N,"Dinner","Tuesday","10","N,"N
"168","French Dressing","N,"Dinner","Wednesday","10","N,"N
"169","French Dressing","N,"Dinner","Thursday","10","N,"N
"170","French Dressing","N,"Dinner","Friday","10","N,"N
"171","French Dressing","N,"Dinner","Saturday","10","N,"N
"172","Caesar Dressing","N,"Dinner","Sunday","10","N,"N
"173","Caesar Dressing","N,"Dinner","Monday","10","N,"N
"174","Caesar Dressing","N,"Dinner","Tuesday","10","N,"N
"175","Caesar Dressing","N,"Dinner","Wednesday","10","N,"N
"176","Caesar Dressing","N,"Dinner","Thursday","10","N,"N
"177","Caesar Dressing","N,"Dinner","Friday","10","N,"N
"178","Caesar Dressing","N,"Dinner","Saturday","10","N,"N
"179","Apple Cider Vinaigrette","N,"Dinner","Sunday","10","N,"N
"180","Apple Cider Vinaigrette","N,"Dinner","Monday","10","N,"N
"181","Apple Cider Vinaigrette","N,"Dinner","Tuesday","10","N,"N
"182","Apple Cider Vinaigrette","N,"Dinner","Wednesday","10","N,"N
"183","Apple Cider Vinaigrette","N,"Dinner","Thursday","10","N,"N
"184","Apple Cider Vinaigrette","N,"Dinner","Friday","10","N,"N
"185","Apple Cider Vinaigrette","N,"Dinner","Saturday","10","N,"N
"186","Honey Mustard","N,"Dinner","Sunday","10","N,"N
"187","Honey Mustard","N,"Dinner","Friday","10","N,"N
"188","Honey Mustard","N,"Dinner","Tuesday","10","N,"N
"189","Honey Mustard","N,"Dinner","Wednesday","10","N,"N
"190","Honey Mustard","N,"Dinner","Thursday","10","N,"N
"191","Honey Mustard","N,"Dinner","Monday","10","N,"N
"192","Honey Mustard","N,"Dinner","Saturday","10","N,"N
"193","Blue Cheese Dressing","N,"Dinner","Sunday","10","N,"N
"194","Blue Cheese Dressing","N,"Dinner","Monday","10","N,"N
"195","Blue Cheese Dressing","N,"Dinner","Tuesday","10","N,"N
"196","Blue Cheese Dressing","N,"Dinner","Wednesday","10","N,"N
"197","Blue Cheese Dressing","N,"Dinner","Thursday","10","N,"N
"198","Blue Cheese Dressing","N,"Dinner","Friday","10","N,"N
"199","Blue Cheese Dressing","N,"Dinner","Saturday","10","N,"N
"200","Maple Balsamic Vinaigrette","N,"Dinner","Sunday","10","N,"N
"201","Maple Balsamic Vinaigrette","N,"Dinner","Monday","10","N,"N
"202","Maple Balsamic Vinaigrette","N,"Dinner","Tuesday","10","N,"N
"203","Maple Balsamic Vinaigrette","N,"Dinner","Wednesday","10","N,"N
"204","Maple Balsamic Vinaigrette","N,"Dinner","Thursday","10","N,"N
"205","Maple Balsamic Vinaigrette","N,"Dinner","Friday","10","N,"N
"206","Maple Balsamic Vinaigrette","N,"Dinner","Saturday","10","N,"N
"207","Chicken","N,"Lunch","Monday","17","N,"N
"208","Chicken","N,"Lunch","Sunday","17","N,"N
"209","Chicken","N,"Lunch","Tuesday","17","N,"N
"210","Chicken","N,"Lunch","Wednesday","17","N,"N
"211","Grilled Chicken","N,"Lunch","Thursday","17","N,"N
"212","Chicken","N,"Lunch","Friday","17","N,"N
"213","Chicken","N,"Lunch","Saturday","17","N,"N
"214","Chicken","N,"Dinner","Sunday","17","N,"N
"215","Chicken","N,"Dinner","Monday","17","N,"N
"216","Chicken","N,"Dinner","Tuesday","17","N,"N
"217","Chicken","N,"Dinner","Wednesday","17","N,"N
"218","Chicken Parm","N,"Dinner","Thursday","17","N,"N
"219","Chicken","N,"Dinner","Friday","17","N,"N
"220","Chicken","N,"Dinner","Saturday","17","N,"N
"221","Steak","N,"Dinner","Sunday","17","N,"N
"222","Steak","N,"Dinner","Monday","17","N,"N
"223","Steak","N,"Dinner","Tuesday","17","N,"N
"224","Steak","N,"Dinner","Wednesday","17","N,"N
"225","Steak","N,"Dinner","Thursday","17","N,"N
"226","Steak","N,"Dinner","Friday","17","N,"N
"227","Steak","N,"Dinner","Saturday","17","N,"N
"228","Steak","N,"Lunch","Sunday","17","N,"N
"229","Steak","N,"Lunch","Monday","17","N,"N
"230","Steak","N,"Lunch","Tuesday","17","N,"N
"231","Steak","N,"Lunch","Wednesday","17","N,"N
"232","Steak Sandwich","N,"Lunch","Thursday","17","N,"N
"233","Steak","N,"Lunch","Friday","17","N,"N
"234","Steak","N,"Lunch","Saturday","17","N,"N
"235","Broccoli","N,"Lunch","Sunday","17","N,"N
"236","Broccoli","N,"Lunch","Monday","17","N,"N
"237","Broccoli","N,"Lunch","Tuesday","17","N,"N
"238","Broccoli","N,"Lunch","Wednesday","17","N,"N
"239","Pasta","N,"Lunch","Thursday","17","N,"N
"240","Broccoli","N,"Lunch","Friday","17","N,"N
"241","Broccoli","N,"Lunch","Saturday","17","N,"N
"242","Broccoli","N,"Dinner","Sunday","17","N,"N
"243","Broccoli","N,"Dinner","Monday","17","N,"N
"244","Broccoli","N,"Dinner","Tuesday","17","N,"N
"245","Broccoli","N,"Dinner","Wednesday","17","N,"N
"246","Pasta","N,"Dinner","Thursday","17","N,"N
"247","Broccoli","N,"Dinner","Friday","17","N,"N
"248","Broccoli","N,"Dinner","Saturday","17","N,"N
"249","Asparagus","N,"Dinner","Sunday","17","N,"N
"250","Asparagus","N,"Dinner","Monday","17","N,"N
"251","Asparagus","N,"Dinner","Tuesday","17","N,"N
"252","Asparagus","N,"Dinner","Wednesday","17","N,"N
"253","Veggie Burger","N,"Dinner","Thursday","17","N,"N
"254","Asparagus","N,"Dinner","Friday","17","N,"N
"255","Asparagus","N,"Dinner","Saturday","17","N,"N
"256","Asparagus","N,"Lunch","Sunday","17","N,"N
"257","Asparagus","N,"Lunch","Monday","17","N,"N
"258","Asparagus","N,"Lunch","Tuesday","17","N,"N
"259","Asparagus","N,"Lunch","Wednesday","17","N,"N
"260","Veggie Burger","N,"Lunch","Thursday","17","N,"N
"261","Asparagus","N,"Lunch","Friday","17","N,"N
"262","Asparagus","N,"Lunch","Saturday","17","N,"N
"263","Salad","N,"Lunch","Sunday","17","N,"N
"264","Salad","N,"Lunch","Monday","17","N,"N
"265","Salad","N,"Lunch","Tuesday","17","N,"N
"266","Salad","N,"Lunch","Wednesday","17","N,"N
"267","Salad","N,"Lunch","Thursday","17","N,"N
"268","Salad","N,"Lunch","Friday","17","N,"N
"269","Salad","N,"Lunch","Saturday","17","N,"N
"270","Salad","N,"Dinner","Sunday","17","N,"N
"271","Salad","N,"Dinner","Monday","17","N,"N
"272","Salad","N,"Dinner","Tuesday","17","N,"N
"273","Salad","N,"Dinner","Wednesday","17","N,"N
"274","Salad","N,"Dinner","Thursday","17","N,"N
"275","Salad","N,"Dinner","Friday","17","N,"N
"276","Salad","N,"Dinner","Saturday","17","N,"N
"277","Oatmeal","N,"Breakfast","Sunday","17","N,"N
"278","Oatmeal","N,"Breakfast","Monday","17","N,"N
"279","Oatmeal","N,"Breakfast","Tuesday","17","N,"N
"280","Oatmeal","N,"Breakfast","Wednesday","17","N,"N
"281","Oatmeal","N,"Breakfast","Thursday","17","N,"N
"282","Oatmeal","N,"Breakfast","Friday","17","N,"N
"283","Oatmeal","N,"Breakfast","Saturday","17","N,"N
"284","Cereal","N,"Breakfast","Tuesday","17","N,"N
"285","Cereal","N,"Breakfast","Sunday","17","N,"N
"286","Cereal","N,"Breakfast","Monday","17","N,"N
"287","Cereal","N,"Breakfast","Wednesday","17","N,"N
"288","Cereal","N,"Breakfast","Thursday","17","N,"N
"289","Cereal","N,"Breakfast","Friday","17","N,"N
"290","Cereal","N,"Breakfast","Saturday","17","N,"N
"291","Scrambled Eggs","N,"Breakfast","Sunday","17","N,"N
"292","Scrambled Eggs","N,"Breakfast","Tuesday","17","N,"N
"293","Scrambled Eggs","N,"Breakfast","Monday","17","N,"N
"294","Scrambled Eggs","N,"Breakfast","Thursday","17","N,"N
"295","Scrambled Eggs","N,"Breakfast","Wednesday","17","N,"N
"296","Scrambled Eggs","N,"Breakfast","Friday","17","N,"N
"297","Scrambled Eggs","N,"Breakfast","Saturday","17","N,"N
"298","Pancakes","N,"Breakfast","Wednesday","17","N,"N
"299","Pancakes","N,"Breakfast","Sunday","17","N,"N
"300","Pancakes","N,"Breakfast","Tuesday","17","N,"N
"301","Pancakes","N,"Breakfast","Monday","17","N,"N
"302","Pancakes","N,"Breakfast","Friday","17","N,"N
"303","Pancakes","N,"Breakfast","Thursday","17","N,"N
"305","Hot Line","N,"Lunch","Monday","18","N,"N
"306","Hot Line","N,"Lunch","Tuesday","18","N,"N
"307","Hot Line","N,"Lunch","Wednesday","18","N,"N
"308","Hot Line","N,"Lunch","Sunday","18","N,"N
"309","Hot Line","N,"Lunch","Thursday","18","N,"N
"310","Hot Line","N,"Lunch","Friday","18","N,"N
"311","Hot Line","N,"Lunch","Saturday","18","N,"N
"312","Pizza","N,"Lunch","Sunday","18","N,"N
"313","Pizza","N,"Lunch","Monday","18","N,"N
"314","Pizza","N,"Lunch","Tuesday","18","N,"N
"315","Pizza","N,"Lunch","Wednesday","18","N,"N
"316","Pizza","N,"Lunch","Thursday","18","N,"N
"317","Pizza","N,"Lunch","Friday","18","N,"N
"318","Pizza","N,"Lunch","Saturday","18","N,"N
"319","Pasta","N,"Lunch","Sunday","18","N,"N
"320","Pasta","N,"Lunch","Monday","18","N,"N
"321","Pasta","N,"Lunch","Friday","18","N,"N
"322","Pasta","N,"Lunch","Thursday","18","N,"N
"323","Pasta","N,"Lunch","Tuesday","18","N,"N
"324","Pasta","N,"Lunch","Wednesday","18","N,"N
"325","Pasta","N,"Lunch","Saturday","18","N,"N
"326","Grill","N,"Lunch","Sunday","18","N,"N
"327","Grill","N,"Lunch","Monday","18","N,"N
"328","Grill","N,"Lunch","Thursday","18","N,"N
"329","Grill","N,"Lunch","Wednesday","18","N,"N
"330","Grill","N,"Lunch","Tuesday","18","N,"N
"331","Grill","N,"Lunch","Friday","18","N,"N
"332","Grill","N,"Lunch","Saturday","18","N,"N
"333","Gluten Free","N,"Lunch","Sunday","18","N,"N
"334","Gluten Free","N,"Lunch","Monday","18","N,"N
"335","Gluten Free","N,"Lunch","Thursday","18","N,"N
"336","Gluten Free","N,"Lunch","Wednesday","18","N,"N
"337","Gluten Free","N,"Lunch","Tuesday","18","N,"N
"338","Gluten Free","N,"Lunch","Friday","18","N,"N
"339","Gluten Free","N,"Lunch","Saturday","18","N,"N
"340","Dessert","N,"Lunch","Sunday","18","N,"N
"341","Dessert","N,"Lunch","Tuesday","18","N,"N
"342","Dessert","N,"Lunch","Monday","18","N,"N
"343","Dessert","N,"Lunch","Wednesday","18","N,"N
"344","Dessert","N,"Lunch","Thursday","18","N,"N
"345","Dessert","N,"Lunch","Friday","18","N,"N
"346","Dessert","N,"Lunch","Saturday","18","N,"N
"347","Salad","N,"Lunch","Sunday","18","N,"N
"348","Salad","N,"Lunch","Tuesday","18","N,"N
"349","Salad","N,"Lunch","Wednesday","18","N,"N
"350","Salad","N,"Lunch","Monday","18","N,"N
"351","Salad","N,"Lunch","Friday","18","N,"N
"352","Salad","N,"Lunch","Thursday","18","N,"N
"353","Salad","N,"Lunch","Saturday","18","N,"N
"354","Soup","N,"Lunch","Sunday","18","N,"N
"355","Soup","N,"Lunch","Tuesday","18","N,"N
"356","Soup","N,"Lunch","Monday","18","N,"N
"357","Soup","N,"Lunch","Friday","18","N,"N
"358","Soup","N,"Lunch","Thursday","18","N,"N
"359","Soup","N,"Lunch","Wednesday","18","N,"N
"360","Soup","N,"Lunch","Saturday","18","N,"N
"361","Post Consumer","N,"Lunch","Sunday","18","N,"N
"362","Post Consumer","N,"Lunch","Monday","18","N,"N
"363","Post Consumer","N,"Lunch","Wednesday","18","N,"N
"364","Post Consumer","N,"Lunch","Thursday","18","N,"N
"365","Post Consumer","N,"Lunch","Friday","18","N,"N
"366","Post Consumer","N,"Lunch","Tuesday","18","N,"N
"367","Post Consumer","N,"Lunch","Saturday","18","N,"N
"368","Catering","N,"Lunch","Sunday","18","N,"N
"369","Catering","N,"Lunch","Monday","18","N,"N
"370","Catering","N,"Lunch","Tuesday","18","N,"N
"371","Catering","N,"Lunch","Wednesday","18","N,"N
"372","Catering","N,"Lunch","Thursday","18","N,"N
"373","Catering","N,"Lunch","Friday","18","N,"N
"374","Catering","N,"Lunch","Saturday","18","N,"N
"375","Trim Waste","N,"Lunch","Sunday","18","N,"N
"376","Trim Waste","N,"Lunch","Tuesday","18","N,"N
"377","Trim Waste","N,"Lunch","Thursday","18","N,"N
"378","Trim Waste","N,"Lunch","Wednesday","18","N,"N
"379","Trim Waste","N,"Lunch","Friday","18","N,"N
"380","Trim Waste","N,"Lunch","Monday","18","N,"N
"381","Trim Waste","N,"Lunch","Saturday","18","N,"N
"382","Trim Waste","N,"Dinner","Sunday","18","N,"N
"383","Trim Waste","N,"Dinner","Thursday","18","N,"N
"384","Trim Waste","N,"Dinner","Wednesday","18","N,"N
"385","Trim Waste","N,"Dinner","Monday","18","N,"N
"386","Trim Waste","N,"Dinner","Friday","18","N,"N
"387","Trim Waste","N,"Dinner","Tuesday","18","N,"N
"388","Trim Waste","N,"Dinner","Saturday","18","N,"N
"389","Catering","N,"Dinner","Sunday","18","N,"N
"390","Catering","N,"Dinner","Friday","18","N,"N
"391","Catering","N,"Dinner","Thursday","18","N,"N
"392","Catering","N,"Dinner","Tuesday","18","N,"N
"393","Catering","N,"Dinner","Wednesday","18","N,"N
"394","Catering","N,"Dinner","Monday","18","N,"N
"395","Catering","N,"Dinner","Saturday","18","N,"N
"396","Post Consumer","N,"Dinner","Sunday","18","N,"N
"397","Post Consumer","N,"Dinner","Thursday","18","N,"N
"398","Post Consumer","N,"Dinner","Wednesday","18","N,"N
"399","Post Consumer","N,"Dinner","Tuesday","18","N,"N
"400","Post Consumer","N,"Dinner","Monday","18","N,"N
"401","Post Consumer","N,"Dinner","Friday","18","N,"N
"402","Post Consumer","N,"Dinner","Saturday","18","N,"N
"403","Soup","N,"Dinner","Sunday","18","N,"N
"404","Soup","N,"Dinner","Monday","18","N,"N
"405","Soup","N,"Dinner","Friday","18","N,"N
"406","Soup","N,"Dinner","Thursday","18","N,"N
"407","Soup","N,"Dinner","Wednesday","18","N,"N
"408","Soup","N,"Dinner","Tuesday","18","N,"N
"409","Soup","N,"Dinner","Saturday","18","N,"N
"410","Salad","N,"Dinner","Sunday","18","N,"N
"411","Salad","N,"Dinner","Monday","18","N,"N
"412","Salad","N,"Dinner","Friday","18","N,"N
"413","Salad","N,"Dinner","Thursday","18","N,"N
"414","Salad","N,"Dinner","Wednesday","18","N,"N
"415","Salad","N,"Dinner","Tuesday","18","N,"N
"416","Salad","N,"Dinner","Saturday","18","N,"N
"417","Deli","N,"Dinner","Sunday","18","N,"N
"418","Deli","N,"Dinner","Tuesday","18","N,"N
"419","Deli","N,"Dinner","Monday","18","N,"N
"420","Deli","N,"Dinner","Thursday","18","N,"N
"421","Deli","N,"Dinner","Wednesday","18","N,"N
"422","Deli","N,"Dinner","Friday","18","N,"N
"423","Deli","N,"Dinner","Saturday","18","N,"N
"424","Dessert","N,"Dinner","Wednesday","18","N,"N
"425","Dessert","N,"Dinner","Sunday","18","N,"N
"426","Dessert","N,"Dinner","Tuesday","18","N,"N
"427","Dessert","N,"Dinner","Monday","18","N,"N
"428","Dessert","N,"Dinner","Friday","18","N,"N
"429","Dessert","N,"Dinner","Thursday","18","N,"N
"430","Dessert","N,"Dinner","Saturday","18","N,"N
"431","Gluten Free","N,"Dinner","Sunday","18","N,"N
"432","Gluten Free","N,"Dinner","Thursday","18","N,"N
"433","Gluten Free","N,"Dinner","Monday","18","N,"N
"434","Gluten Free","N,"Dinner","Tuesday","18","N,"N
"435","Gluten Free","N,"Dinner","Wednesday","18","N,"N
"436","Gluten Free","N,"Dinner","Friday","18","N,"N
"437","Gluten Free","N,"Dinner","Saturday","18","N,"N
"438","Grill","N,"Dinner","Sunday","18","N,"N
"439","Grill","N,"Dinner","Monday","18","N,"N
"440","Grill","N,"Dinner","Wednesday","18","N,"N
"441","Grill","N,"Dinner","Tuesday","18","N,"N
"442","Grill","N,"Dinner","Friday","18","N,"N
"443","Grill","N,"Dinner","Thursday","18","N,"N
"444","Grill","N,"Dinner","Saturday","18","N,"N
"445","Pasta","N,"Dinner","Sunday","18","N,"N
"446","Pasta","N,"Dinner","Monday","18","N,"N
"447","Pasta","N,"Dinner","Friday","18","N,"N
"448","Pasta","N,"Dinner","Tuesday","18","N,"N
"449","Pasta","N,"Dinner","Thursday","18","N,"N
"450","Pasta","N,"Dinner","Wednesday","18","N,"N
"451","Pasta","N,"Dinner","Saturday","18","N,"N
"452","Pizza","N,"Dinner","Sunday","18","N,"N
"453","Pizza","N,"Dinner","Wednesday","18","N,"N
"454","Pizza","N,"Dinner","Tuesday","18","N,"N
"455","Pizza","N,"Dinner","Monday","18","N,"N
"456","Pizza","N,"Dinner","Thursday","18","N,"N
"457","Pizza","N,"Dinner","Friday","18","N,"N
"458","Pizza","N,"Dinner","Saturday","18","N,"N
"459","Hot Line","N,"Dinner","Sunday","18","N,"N
"460","Hot Line","N,"Dinner","Monday","18","N,"N
"461","Hot Line","N,"Dinner","Tuesday","18","N,"N
"462","Hot Line","N,"Dinner","Friday","18","N,"N
"463","Hot Line","N,"Dinner","Thursday","18","N,"N
"464","Hot Line","N,"Dinner","Wednesday","18","N,"N
"465","Hot Line","N,"Dinner","Saturday","18","N,"N
"466","Deli","N,"Lunch","Sunday","18","N,"N
"467","Deli","N,"Lunch","Thursday","18","N,"N
"468","Deli","N,"Lunch","Tuesday","18","N,"N
"469","Deli","N,"Lunch","Monday","18","N,"N
"470","Deli","N,"Lunch","Wednesday","18","N,"N
"471","Deli","N,"Lunch","Friday","18","N,"N
"472","Deli","N,"Lunch","Saturday","18","N,"N
"473","Catering","N,"Breakfast","Sunday","18","N,"N
"474","Catering","N,"Breakfast","Monday","18","N,"N
"475","Catering","N,"Breakfast","Tuesday","18","N,"N
"476","Catering","N,"Breakfast","Wednesday","18","N,"N
"477","Catering","N,"Breakfast","Thursday","18","N,"N
"478","Catering","N,"Breakfast","Friday","18","N,"N
"479","Catering","N,"Breakfast","Saturday","18","N,"N
"480","Deli","N,"Breakfast","Monday","18","N,"N
"481","Deli","N,"Breakfast","Sunday","18","N,"N
"482","Deli","N,"Breakfast","Tuesday","18","N,"N
"483","Deli","N,"Breakfast","Wednesday","18","N,"N
"484","Deli","N,"Breakfast","Thursday","18","N,"N
"485","Deli","N,"Breakfast","Friday","18","N,"N
"486","Deli","N,"Breakfast","Saturday","18","N,"N
"487","Gluten Free","N,"Breakfast","Sunday","18","N,"N
"488","Gluten Free","N,"Breakfast","Monday","18","N,"N
"489","Gluten Free","N,"Breakfast","Tuesday","18","N,"N
"490","Gluten Free","N,"Breakfast","Friday","18","N,"N
"491","Gluten Free","N,"Breakfast","Wednesday","18","N,"N
"492","Gluten Free","N,"Breakfast","Thursday","18","N,"N
"493","Gluten Free","N,"Breakfast","Saturday","18","N,"N
"494","Dessert","N,"Breakfast","Sunday","18","N,"N
"495","Dessert","N,"Breakfast","Thursday","18","N,"N
"496","Dessert","N,"Breakfast","Wednesday","18","N,"N
"497","Dessert","N,"Breakfast","Tuesday","18","N,"N
"498","Dessert","N,"Breakfast","Monday","18","N,"N
"499","Dessert","N,"Breakfast","Friday","18","N,"N
"500","Dessert","N,"Breakfast","Saturday","18","N,"N
"501","Grill","N,"Breakfast","Sunday","18","N,"N
"502","Grill","N,"Breakfast","Monday","18","N,"N
"503","Grill","N,"Breakfast","Tuesday","18","N,"N
"504","Grill","N,"Breakfast","Friday","18","N,"N
"505","Grill","N,"Breakfast","Wednesday","18","N,"N
"506","Grill","N,"Breakfast","Thursday","18","N,"N
"507","Grill","N,"Breakfast","Saturday","18","N,"N
"508","Hot Line","N,"Breakfast","Sunday","18","N,"N
"509","Hot Line","N,"Breakfast","Monday","18","N,"N
"510","Hot Line","N,"Breakfast","Tuesday","18","N,"N
"511","Hot Line","N,"Breakfast","Wednesday","18","N,"N
"512","Hot Line","N,"Breakfast","Friday","18","N,"N
"513","Hot Line","N,"Breakfast","Thursday","18","N,"N
"514","Hot Line","N,"Breakfast","Saturday","18","N,"N
"515","Post Consumer","N,"Breakfast","Tuesday","18","N,"N
"516","Post Consumer","N,"Breakfast","Sunday","18","N,"N
"517","Post Consumer","N,"Breakfast","Monday","18","N,"N
"518","Post Consumer","N,"Breakfast","Wednesday","18","N,"N
"519","Post Consumer","N,"Breakfast","Thursday","18","N,"N
"520","Post Consumer","N,"Breakfast","Friday","18","N,"N
"521","Post Consumer","N,"Breakfast","Saturday","18","N,"N
"522","Trim Waste","N,"Breakfast","Sunday","18","N,"N
"523","Trim Waste","N,"Breakfast","Tuesday","18","N,"N
"524","Trim Waste","N,"Breakfast","Monday","18","N,"N
"525","Trim Waste","N,"Breakfast","Wednesday","18","N,"N
"526","Trim Waste","N,"Breakfast","Friday","18","N,"N
"527","Trim Waste","N,"Breakfast","Thursday","18","N,"N
"528","Trim Waste","N,"Breakfast","Saturday","18","N,"N
"529","Salad","N,"Breakfast","Sunday","18","N,"N
"530","Salad","N,"Breakfast","Monday","18","N,"N
"531","Salad","N,"Breakfast","Wednesday","18","N,"N
"532","Salad","N,"Breakfast","Tuesday","18","N,"N
"533","Salad","N,"Breakfast","Thursday","18","N,"N
"534","Salad","N,"Breakfast","Friday","18","N,"N
"535","Salad","N,"Breakfast","Saturday","18","N,"N
"536","Soup","N,"Breakfast","Sunday","18","N,"N
"537","Soup","N,"Breakfast","Thursday","18","N,"N
"538","Soup","N,"Breakfast","Friday","18","N,"N
"539","Soup","N,"Breakfast","Wednesday","18","N,"N
"540","Soup","N,"Breakfast","Tuesday","18","N,"N
"541","Soup","N,"Breakfast","Monday","18","N,"N
"542","Soup","N,"Breakfast","Saturday","18","N,"N
"543","Pizza","N,"Breakfast","Sunday","18","N,"N
"544","Pizza","N,"Breakfast","Wednesday","18","N,"N
"545","Pizza","N,"Breakfast","Tuesday","18","N,"N
"546","Pizza","N,"Breakfast","Monday","18","N,"N
"547","Pizza","N,"Breakfast","Thursday","18","N,"N
"548","Pizza","N,"Breakfast","Friday","18","N,"N
"549","Pizza","N,"Breakfast","Saturday","18","N,"N
"550","Pasta","N,"Breakfast","Wednesday","18","N,"N
"551","Pasta","N,"Breakfast","Thursday","18","N,"N
"552","Pasta","N,"Breakfast","Sunday","18","N,"N
"553","Pasta","N,"Breakfast","Tuesday","18","N,"N
"554","Pasta","N,"Breakfast","Monday","18","N,"N
"555","Pasta","N,"Breakfast","Friday","18","N,"N
"556","Pasta","N,"Breakfast","Saturday","18","N,"N
"557","Trim Waste","N,"Breakfast","Sunday","19","N,"N
"558","Trim Waste","N,"Breakfast","Wednesday","19","N,"N
"559","Trim Waste","N,"Breakfast","Tuesday","19","N,"N
"560","Trim Waste","N,"Breakfast","Monday","19","N,"N
"561","Trim Waste","N,"Breakfast","Friday","19","N,"N
"562","Trim Waste","N,"Breakfast","Thursday","19","N,"N
"563","Trim Waste","N,"Breakfast","Saturday","19","N,"N
"564","Trim Waste","N,"Lunch","Sunday","19","N,"N
"565","Trim Waste","N,"Lunch","Monday","19","N,"N
"566","Trim Waste","N,"Lunch","Wednesday","19","N,"N
"567","Trim Waste","N,"Lunch","Tuesday","19","N,"N
"568","Trim Waste","N,"Lunch","Thursday","19","N,"N
"569","Trim Waste","N,"Lunch","Friday","19","N,"N
"570","Trim Waste","N,"Lunch","Saturday","19","N,"N
"571","Trim Waste","N,"Dinner","Sunday","19","N,"N
"572","Trim Waste","N,"Dinner","Monday","19","N,"N
"573","Trim Waste","N,"Dinner","Tuesday","19","N,"N
"574","Trim Waste","N,"Dinner","Thursday","19","N,"N
"575","Trim Waste","N,"Dinner","Wednesday","19","N,"N
"576","Trim Waste","N,"Dinner","Friday","19","N,"N
"577","Trim Waste","N,"Dinner","Saturday","19","N,"N
"578","Post Production","N,"Dinner","Sunday","19","N,"N
"579","Post Production","N,"Dinner","Monday","19","N,"N
"580","Post Production","N,"Dinner","Thursday","19","N,"N
"581","Post Production","N,"Dinner","Wednesday","19","N,"N
"582","Post Production","N,"Dinner","Tuesday","19","N,"N
"583","Post Production","N,"Dinner","Friday","19","N,"N
"584","Post Production","N,"Dinner","Saturday","19","N,"N
"585","Post Production","N,"Lunch","Sunday","19","N,"N
"586","Post Production","N,"Lunch","Thursday","19","N,"N
"587","Post Production","N,"Lunch","Wednesday","19","N,"N
"588","Post Production","N,"Lunch","Tuesday","19","N,"N
"589","Post Production","N,"Lunch","Monday","19","N,"N
"590","Post Production","N,"Lunch","Friday","19","N,"N
"591","Post Production","N,"Lunch","Saturday","19","N,"N
"592","Post Production","N,"Breakfast","Sunday","19","N,"N
"593","Post Production","N,"Breakfast","Friday","19","N,"N
"594","Post Production","N,"Breakfast","Thursday","19","N,"N
"595","Post Production","N,"Breakfast","Wednesday","19","N,"N
"596","Post Production","N,"Breakfast","Tuesday","19","N,"N
"597","Post Production","N,"Breakfast","Monday","19","N,"N
"598","Post Production","N,"Breakfast","Saturday","19","N,"N
"620","Pancakes","N,"Breakfast","Saturday","17","N,"N
"621","Pancakes","N,"Breakfast","Thursday","20","N,"N
"622","Pancakes","N,"Breakfast","Sunday","20","N,"N
"623","Pancakes","N,"Breakfast","Saturday","20","N,"N
"624","Pancakes","N,"Breakfast","Monday","20","N,"N
"625","Pancakes","N,"Breakfast","Wednesday","20","N,"N
"626","Pancakes","N,"Breakfast","Friday","20","N,"N
"627","Pancakes","N,"Breakfast","Tuesday","20","N,"N
"628","French Toast","N,"Breakfast","Sunday","20","N,"N
"629","French Toast","N,"Breakfast","Monday","20","N,"N
"630","French Toast","N,"Breakfast","Wednesday","20","N,"N
"631","French Toast","N,"Breakfast","Tuesday","20","N,"N
"632","French Toast","N,"Breakfast","Thursday","20","N,"N
"633","French Toast","N,"Breakfast","Friday","20","N,"N
"634","French Toast","N,"Breakfast","Saturday","20","N,"N
"635","Bacon","N,"Breakfast","Sunday","20","N,"N
"636","Bacon","N,"Breakfast","Monday","20","N,"N
"637","Bacon","N,"Breakfast","Tuesday","20","N,"N
"638","Bacon","N,"Breakfast","Wednesday","20","N,"N
"639","Bacon","N,"Breakfast","Thursday","20","N,"N
"640","Bacon","N,"Breakfast","Friday","20","N,"N
"641","Bacon","N,"Breakfast","Saturday","20","N,"N
"642","Turkey Sandwich","N,"Lunch","Sunday","20","N,"N
"643","Turkey Sandwich","N,"Lunch","Friday","20","N,"N
"644","Turkey Sandwich","N,"Lunch","Monday","20","N,"N
"645","Turkey Sandwich","N,"Lunch","Tuesday","20","N,"N
"646","Turkey Sandwich","N,"Lunch","Saturday","20","N,"N
"647","Turkey Sandwich","N,"Lunch","Wednesday","20","N,"N
"648","Turkey Sandwich","N,"Lunch","Thursday","20","N,"N
"649","Pizza","N,"Lunch","Sunday","20","N,"N
"650","Pizza","N,"Lunch","Monday","20","N,"N
"651","Pizza","N,"Lunch","Tuesday","20","N,"N
"652","Pizza","N,"Lunch","Wednesday","20","N,"N
"653","Pizza","N,"Lunch","Thursday","20","N,"N
"654","Pizza","N,"Lunch","Friday","20","N,"N
"655","Pizza","N,"Lunch","Saturday","20","N,"N
"656","Chicken Parmesan","N,"Dinner","Sunday","20","N,"N
"657","Chicken Parmesan","N,"Dinner","Monday","20","N,"N
"658","Chicken Parmesan","N,"Dinner","Tuesday","20","N,"N
"659","Chicken Parmesan","N,"Dinner","Wednesday","20","N,"N
"660","Chicken Parmesan","N,"Dinner","Saturday","20","N,"N
"661","Chicken Parmesan","N,"Dinner","Thursday","20","N,"N
"662","Chicken Parmesan","N,"Dinner","Friday","20","N,"N
"663","Steak","N,"Dinner","Sunday","20","N,"N
"664","Steak","N,"Dinner","Monday","20","N,"N
"665","Steak","N,"Dinner","Tuesday","20","N,"N
"666","Steak","N,"Dinner","Wednesday","20","N,"N
"667","Steak","N,"Dinner","Thursday","20","N,"N
"668","Steak","N,"Dinner","Friday","20","N,"N
"669","Steak","N,"Dinner","Saturday","20","N,"N
"670","Salad Bar","N,"Lunch","Sunday","20","N,"N
"671","Salad Bar","N,"Lunch","Tuesday","20","N,"N
"672","Salad Bar","N,"Lunch","Wednesday","20","N,"N
"673","Salad Bar","N,"Lunch","Monday","20","N,"N
"674","Salad Bar","N,"Lunch","Saturday","20","N,"N
"675","Salad Bar","N,"Lunch","Thursday","20","N,"N
"676","Salad Bar","N,"Lunch","Friday","20","N,"N
"677","Chicken Parmesan","N,"Dinner","Monday","22","N,"N
"678","Chicken Parmesan","N,"Dinner","Sunday","22","N,"N
"679","Chicken Parmesan","N,"Dinner","Tuesday","22","N,"N
"680","Chicken Parmesan","N,"Dinner","Wednesday","22","N,"N
"681","Chicken Parmesan","N,"Dinner","Thursday","22","N,"N
"682","Chicken Parmesan","N,"Dinner","Friday","22","N,"N
"683","Chicken Parmesan","N,"Dinner","Saturday","22","N,"N
"684","Pasta","N,"Dinner","Monday","22","N,"N
"685","Pasta","N,"Dinner","Sunday","22","N,"N
"686","Pasta","N,"Dinner","Wednesday","22","N,"N
"687","Pasta","N,"Dinner","Tuesday","22","N,"N
"688","Pasta","N,"Dinner","Thursday","22","N,"N
"689","Pasta","N,"Dinner","Friday","22","N,"N
"690","Pasta","N,"Dinner","Saturday","22","N,"N
"691","Poppyseed Muffin","N,"Breakfast","Sunday","22","N,"N
"692","Poppyseed Muffin","N,"Breakfast","Thursday","22","N,"N
"693","Poppyseed Muffin","N,"Breakfast","Monday","22","N,"N
"694","Poppyseed Muffin","N,"Breakfast","Wednesday","22","N,"N
"695","Poppyseed Muffin","N,"Breakfast","Tuesday","22","N,"N
"696","Poppyseed Muffin","N,"Breakfast","Friday","22","N,"N
"697","Poppyseed Muffin","N,"Breakfast","Saturday","22","N,"N
"698","Breaded Chicken Tenders","N,"Dinner","Sunday","22","N,"N
"699","Breaded Chicken Tenders","N,"Dinner","Monday","22","N,"N
"700","Breaded Chicken Tenders","N,"Dinner","Tuesday","22","N,"N
"701","Breaded Chicken Tenders","N,"Dinner","Thursday","22","N,"N
"702","Breaded Chicken Tenders","N,"Dinner","Wednesday","22","N,"N
"703","Breaded Chicken Tenders","N,"Dinner","Friday","22","N,"N
"704","Breaded Chicken Tenders","N,"Dinner","Saturday","22","N,"N
"705","Breaded Chicken Tenders","N,"Lunch","Monday","22","N,"N
"706","Breaded Chicken Tenders","N,"Lunch","Tuesday","22","N,"N
"707","Breaded Chicken Tenders","N,"Lunch","Friday","22","N,"N
"709","Breaded Chicken Tenders","N,"Lunch","Thursday","22","N,"N
"710","Breaded Chicken Tenders","N,"Lunch","Saturday","22","N,"N
"711","Breaded Chicken Tenders","N,"Lunch","Sunday","22","N,"N
"713","Catering Prep","N,"Breakfast","Sunday","28","N,"N
"714","Catering Prep","N,"Breakfast","Monday","28","N,"N
"715","Catering Prep","N,"Breakfast","Wednesday","28","N,"N
"716","Catering Prep","N,"Breakfast","Tuesday","28","N,"N
"717","Catering Prep","N,"Breakfast","Thursday","28","N,"N
"718","Catering Prep","N,"Breakfast","Friday","28","N,"N
"719","Catering Prep","N,"Breakfast","Saturday","28","N,"N
"720","Catering Prep","N,"Lunch","Sunday","28","N,"N
"721","Catering Prep","N,"Lunch","Monday","28","N,"N
"722","Catering Prep","N,"Lunch","Tuesday","28","N,"N
"723","Catering Prep","N,"Lunch","Friday","28","N,"N
"724","Catering Prep","N,"Lunch","Wednesday","28","N,"N
"725","Catering Prep","N,"Lunch","Thursday","28","N,"N
"726","Catering Prep","N,"Lunch","Saturday","28","N,"N
"727","Catering Prep","N,"Dinner","Sunday","28","N,"N
"728","Catering Prep","N,"Dinner","Tuesday","28","N,"N
"729","Catering Prep","N,"Dinner","Thursday","28","N,"N
"730","Catering Prep","N,"Dinner","Monday","28","N,"N
"731","Catering Prep","N,"Dinner","Friday","28","N,"N
"732","Catering Prep","N,"Dinner","Wednesday","28","N,"N
"733","Catering Prep","N,"Dinner","Saturday","28","N,"N
"734","Retail","N,"Breakfast","Sunday","28","N,"N
"735","Retail","N,"Breakfast","Wednesday","28","N,"N
"736","Retail","N,"Breakfast","Tuesday","28","N,"N
"737","Retail","N,"Breakfast","Monday","28","N,"N
"738","Retail","N,"Breakfast","Thursday","28","N,"N
"739","Retail","N,"Breakfast","Friday","28","N,"N
"740","Retail","N,"Breakfast","Saturday","28","N,"N
"741","Retail","N,"Lunch","Sunday","28","N,"N
"742","Retail","N,"Lunch","Monday","28","N,"N
"743","Retail","N,"Lunch","Wednesday","28","N,"N
"744","Retail","N,"Lunch","Friday","28","N,"N
"745","Retail","N,"Lunch","Thursday","28","N,"N
"746","Retail","N,"Lunch","Tuesday","28","N,"N
"747","Retail","N,"Lunch","Saturday","28","N,"N
"748","Retail","N,"Dinner","Sunday","28","N,"N
"749","Retail","N,"Dinner","Monday","28","N,"N
"750","Retail","N,"Dinner","Thursday","28","N,"N
"751","Retail","N,"Dinner","Wednesday","28","N,"N
"752","Retail","N,"Dinner","Tuesday","28","N,"N
"753","Retail","N,"Dinner","Friday","28","N,"N
"754","Retail","N,"Dinner","Saturday","28","N,"N
"755","Catering Spoilage","N,"Breakfast","Sunday","28","N,"N
"756","Catering Spoilage","N,"Breakfast","Wednesday","28","N,"N
"757","Catering Spoilage","N,"Breakfast","Tuesday","28","N,"N
"758","Catering Spoilage","N,"Breakfast","Friday","28","N,"N
"759","Catering Spoilage","N,"Breakfast","Thursday","28","N,"N
"760","Catering Spoilage","N,"Breakfast","Monday","28","N,"N
"761","Catering Spoilage","N,"Breakfast","Saturday","28","N,"N
"762","Catering Spoilage","N,"Lunch","Sunday","28","N,"N
"763","Catering Spoilage","N,"Lunch","Tuesday","28","N,"N
"764","Catering Spoilage","N,"Lunch","Thursday","28","N,"N
"765","Catering Spoilage","N,"Lunch","Wednesday","28","N,"N
"766","Catering Spoilage","N,"Lunch","Friday","28","N,"N
"767","Catering Spoilage","N,"Lunch","Monday","28","N,"N
"768","Catering Spoilage","N,"Lunch","Saturday","28","N,"N
"769","Catering Spoilage","N,"Dinner","Sunday","28","N,"N
"770","Catering Spoilage","N,"Dinner","Tuesday","28","N,"N
"771","Catering Spoilage","N,"Dinner","Thursday","28","N,"N
"772","Catering Spoilage","N,"Dinner","Friday","28","N,"N
"773","Catering Spoilage","N,"Dinner","Wednesday","28","N,"N
"774","Catering Spoilage","N,"Dinner","Monday","28","N,"N
"775","Catering Spoilage","N,"Dinner","Saturday","28","N,"N
"776","Refectory Spoilage","N,"Breakfast","Sunday","28","N,"N
"777","Refectory Spoilage","N,"Breakfast","Saturday","28","N,"N
"778","Refectory Spoilage","N,"Breakfast","Monday","28","N,"N
"779","Refectory Spoilage","N,"Breakfast","Friday","28","N,"N
"780","Refectory Spoilage","N,"Breakfast","Thursday","28","N,"N
"781","Refectory Spoilage","N,"Breakfast","Wednesday","28","N,"N
"782","Refectory Spoilage","N,"Breakfast","Tuesday","28","N,"N
"783","Refectory Spoilage","N,"Lunch","Monday","28","N,"N
"784","Refectory Spoilage","N,"Lunch","Sunday","28","N,"N
"785","Refectory Spoilage","N,"Lunch","Tuesday","28","N,"N
"786","Refectory Spoilage","N,"Lunch","Wednesday","28","N,"N
"787","Refectory Spoilage","N,"Lunch","Thursday","28","N,"N
"788","Refectory Spoilage","N,"Lunch","Friday","28","N,"N
"789","Refectory Spoilage","N,"Lunch","Saturday","28","N,"N
"790","Refectory Spoilage","N,"Dinner","Monday","28","N,"N
"791","Refectory Spoilage","N,"Dinner","Sunday","28","N,"N
"792","Refectory Spoilage","N,"Dinner","Tuesday","28","N,"N
"793","Refectory Spoilage","N,"Dinner","Wednesday","28","N,"N
"794","Refectory Spoilage","N,"Dinner","Thursday","28","N,"N
"795","Refectory Spoilage","N,"Dinner","Friday","28","N,"N
"796","Refectory Spoilage","N,"Dinner","Saturday","28","N,"N
"797","Refectory Prep","N,"Breakfast","Monday","28","N,"N
"798","Refectory Prep","N,"Breakfast","Tuesday","28","N,"N
"799","Refectory Prep","N,"Breakfast","Sunday","28","N,"N
"800","Refectory Prep","N,"Breakfast","Thursday","28","N,"N
"801","Refectory Prep","N,"Breakfast","Friday","28","N,"N
"802","Refectory Prep","N,"Breakfast","Wednesday","28","N,"N
"803","Refectory Prep","N,"Breakfast","Saturday","28","N,"N
"804","Refectory Prep","N,"Lunch","Sunday","28","N,"N
"805","Refectory Prep","N,"Lunch","Monday","28","N,"N
"806","Refectory Prep","N,"Lunch","Tuesday","28","N,"N
"807","Refectory Prep","N,"Lunch","Wednesday","28","N,"N
"808","Refectory Prep","N,"Lunch","Thursday","28","N,"N
"809","Refectory Prep","N,"Lunch","Friday","28","N,"N
"810","Refectory Prep","N,"Lunch","Saturday","28","N,"N
"811","Refectory Prep","N,"Dinner","Monday","28","N,"N
"812","Refectory Prep","N,"Dinner","Sunday","28","N,"N
"813","Refectory Prep","N,"Dinner","Tuesday","28","N,"N
"814","Refectory Prep","N,"Dinner","Wednesday","28","N,"N
"815","Refectory Prep","N,"Dinner","Thursday","28","N,"N
"816","Refectory Prep","N,"Dinner","Friday","28","N,"N
"817","Refectory Prep","N,"Dinner","Saturday","28","N,"N
"1350","Breakfast","N,"Breakfast","Tuesday","29","N,"N
"1351","Breakfast","N,"Breakfast","Wednesday","29","N,"N
"1352","Breakfast","N,"Breakfast","Friday","29","N,"N
"1353","Breakfast","N,"Breakfast","Sunday","29","N,"N
"1354","Breakfast","N,"Breakfast","Thursday","29","N,"N
"1355","Breakfast","N,"Breakfast","Monday","29","N,"N
"1356","Breakfast","N,"Breakfast","Saturday","29","N,"N
"1357","Lunch","N,"Lunch","Wednesday","29","N,"N
"1358","Lunch","N,"Lunch","Thursday","29","N,"N
"1359","Lunch","N,"Lunch","Sunday","29","N,"N
"1360","Lunch","N,"Lunch","Monday","29","N,"N
"1361","Lunch","N,"Lunch","Tuesday","29","N,"N
"1362","Lunch","N,"Lunch","Friday","29","N,"N
"1363","Lunch","N,"Lunch","Saturday","29","N,"N
"1371","Dinner","N,"Dinner","Sunday","29","N,"N
"1372","Dinner","N,"Dinner","Tuesday","29","N,"N
"1373","Dinner","N,"Dinner","Monday","29","N,"N
"1374","Dinner","N,"Dinner","Wednesday","29","N,"N
"1375","Dinner","N,"Dinner","Thursday","29","N,"N
"1376","Dinner","N,"Dinner","Friday","29","N,"N
"1377","Dinner","N,"Dinner","Saturday","29","N,"N
"1378","Breakfast","N,"Breakfast","Wednesday","30","N,"N
"1379","Breakfast","N,"Breakfast","Tuesday","30","N,"N
"1380","Breakfast","N,"Breakfast","Sunday","30","N,"N
"1381","Breakfast","N,"Breakfast","Monday","30","N,"N
"1382","Breakfast","N,"Breakfast","Friday","30","N,"N
"1383","Breakfast","N,"Breakfast","Thursday","30","N,"N
"1384","Breakfast","N,"Breakfast","Saturday","30","N,"N
"1385","Lunch","N,"Lunch","Wednesday","30","N,"N
"1386","Lunch","N,"Lunch","Tuesday","30","N,"N
"1387","Lunch","N,"Lunch","Sunday","30","N,"N
"1388","Lunch","N,"Lunch","Thursday","30","N,"N
"1389","Lunch","N,"Lunch","Monday","30","N,"N
"1390","Lunch","N,"Lunch","Friday","30","N,"N
"1391","Lunch","N,"Lunch","Saturday","30","N,"N
"1392","Dinner","N,"Dinner","Monday","30","N,"N
"1393","Dinner","N,"Dinner","Sunday","30","N,"N
"1394","Dinner","N,"Dinner","Friday","30","N,"N
"1395","Dinner","N,"Dinner","Tuesday","30","N,"N
"1396","Dinner","N,"Dinner","Wednesday","30","N,"N
"1397","Dinner","N,"Dinner","Thursday","30","N,"N
"1398","Dinner","N,"Dinner","Saturday","30","N,"N
"1399","Vegetable Prod Scraps","N,"Breakfast","Sunday","13","N,"N
"1400","Vegetable Prod Scraps","N,"Breakfast","Monday","13","N,"N
"1401","Vegetable Prod Scraps","N,"Breakfast","Tuesday","13","N,"N
"1402","Vegetable Prod Scraps","N,"Breakfast","Wednesday","13","N,"N
"1403","Vegetable Prod Scraps","N,"Breakfast","Saturday","13","N,"N
"1404","Vegetable Prod Scraps","N,"Breakfast","Thursday","13","N,"N
"1405","Vegetable Prod Scraps","N,"Breakfast","Friday","13","N,"N
"1406","Vegetable Prod Scraps","N,"Lunch","Sunday","13","N,"N
"1407","Vegetable Prod Scraps","N,"Lunch","Monday","13","N,"N
"1408","Vegetable Prod Scraps","N,"Lunch","Thursday","13","N,"N
"1409","Vegetable Prod Scraps","N,"Lunch","Friday","13","N,"N
"1410","Vegetable Prod Scraps","N,"Lunch","Tuesday","13","N,"N
"1411","Vegetable Prod Scraps","N,"Lunch","Wednesday","13","N,"N
"1412","Vegetable Prod Scraps","N,"Lunch","Saturday","13","N,"N
"1413","Vegetable Prod Scraps","N,"Dinner","Monday","13","N,"N
"1414","Vegetable Prod Scraps","N,"Dinner","Wednesday","13","N,"N
"1415","Vegetable Prod Scraps","N,"Dinner","Tuesday","13","N,"N
"1416","Vegetable Prod Scraps","N,"Dinner","Thursday","13","N,"N
"1417","Vegetable Prod Scraps","N,"Dinner","Sunday","13","N,"N
"1418","Vegetable Prod Scraps","N,"Dinner","Friday","13","N,"N
"1419","Vegetable Prod Scraps","N,"Dinner","Saturday","13","N,"N
"1420","Protein Prod Scraps","N,"Breakfast","Monday","13","N,"N
"1421","Protein Prod Scraps","N,"Breakfast","Sunday","13","N,"N
"1422","Protein Prod Scraps","N,"Breakfast","Tuesday","13","N,"N
"1423","Protein Prod Scraps","N,"Breakfast","Thursday","13","N,"N
"1424","Protein Prod Scraps","N,"Breakfast","Friday","13","N,"N
"1425","Protein Prod Scraps","N,"Breakfast","Saturday","13","N,"N
"1426","Protein Prod Scraps","N,"Breakfast","Wednesday","13","N,"N
"1427","Protein Prod Scraps","N,"Lunch","Wednesday","13","N,"N
"1428","Protein Prod Scraps","N,"Lunch","Monday","13","N,"N
"1429","Protein Prod Scraps","N,"Lunch","Thursday","13","N,"N
"1430","Protein Prod Scraps","N,"Lunch","Friday","13","N,"N
"1431","Protein Prod Scraps","N,"Lunch","Saturday","13","N,"N
"1432","Protein Prod Scraps","N,"Lunch","Sunday","13","N,"N
"1433","Protein Prod Scraps","N,"Lunch","Tuesday","13","N,"N
"1434","Protein Prod Scraps","N,"Dinner","Monday","13","N,"N
"1435","Protein Prod Scraps","N,"Dinner","Sunday","13","N,"N
"1436","Protein Prod Scraps","N,"Dinner","Wednesday","13","N,"N
"1437","Protein Prod Scraps","N,"Dinner","Thursday","13","N,"N
"1438","Protein Prod Scraps","N,"Dinner","Tuesday","13","N,"N
"1439","Protein Prod Scraps","N,"Dinner","Friday","13","N,"N
"1440","Protein Prod Scraps","N,"Dinner","Saturday","13","N,"N
"1441","Post Consumer","N,"Breakfast","Tuesday","13","N,"N
"1442","Post Consumer","N,"Breakfast","Thursday","13","N,"N
"1443","Post Consumer","N,"Breakfast","Wednesday","13","N,"N
"1444","Post Consumer","N,"Breakfast","Monday","13","N,"N
"1445","Post Consumer","N,"Breakfast","Sunday","13","N,"N
"1446","Post Consumer","N,"Breakfast","Friday","13","N,"N
"1447","Post Consumer","N,"Breakfast","Saturday","13","N,"N
"1448","Post Consumer","N,"Lunch","Monday","13","N,"N
"1449","Post Consumer","N,"Lunch","Tuesday","13","N,"N
"1450","Post Consumer","N,"Lunch","Sunday","13","N,"N
"1451","Post Consumer","N,"Lunch","Friday","13","N,"N
"1452","Post Consumer","N,"Lunch","Thursday","13","N,"N
"1453","Post Consumer","N,"Lunch","Wednesday","13","N,"N
"1454","Post Consumer","N,"Lunch","Saturday","13","N,"N
"1455","Post Consumer","N,"Dinner","Sunday","13","N,"N
"1456","Post Consumer","N,"Dinner","Thursday","13","N,"N
"1457","Post Consumer","N,"Dinner","Friday","13","N,"N
"1458","Post Consumer","N,"Dinner","Tuesday","13","N,"N
"1459","Post Consumer","N,"Dinner","Monday","13","N,"N
"1460","Post Consumer","N,"Dinner","Wednesday","13","N,"N
"1461","Post Consumer","N,"Dinner","Saturday","13","N,"N
"1463","Breakfast Entres","N,"Breakfast","Sunday","32","N,"N
"1464","Breakfast Entres","N,"Breakfast","Monday","32","N,"N
"1465","Breakfast Entres","N,"Breakfast","Tuesday","32","N,"N
"1466","Breakfast Entres","N,"Breakfast","Wednesday","32","N,"N
"1467","Breakfast Entres","N,"Breakfast","Thursday","32","N,"N
"1468","Breakfast Entres","N,"Breakfast","Saturday","32","N,"N
"1469","Breakfast Entres","N,"Breakfast","Friday","32","N,"N
"1470","Breakfast Sides","N,"Breakfast","Sunday","32","N,"N
"1471","Breakfast Sides","N,"Breakfast","Tuesday","32","N,"N
"1472","Breakfast Sides","N,"Breakfast","Monday","32","N,"N
"1473","Breakfast Sides","N,"Breakfast","Wednesday","32","N,"N
"1474","Breakfast Sides","N,"Breakfast","Friday","32","N,"N
"1475","Breakfast Sides","N,"Breakfast","Thursday","32","N,"N
"1476","Breakfast Sides","N,"Breakfast","Saturday","32","N,"N
"1477","Breakfast Others","N,"Breakfast","Sunday","32","N,"N
"1478","Breakfast Other","N,"Breakfast","Tuesday","32","N,"N
"1479","Breakfast Other","N,"Breakfast","Monday","32","N,"N
"1480","Breakfast Other","N,"Breakfast","Thursday","32","N,"N
"1481","Breakfast Other","N,"Breakfast","Friday","32","N,"N
"1482","Breakfast Other","N,"Breakfast","Saturday","32","N,"N
"1483","Breakfast Other","N,"Breakfast","Wednesday","32","N,"N
"1484","Lunch Meats","N,"Lunch","Tuesday","32","N,"N
"1485","Lunch Meats","N,"Lunch","Monday","32","N,"N
"1486","Lunch Meats","N,"Lunch","Thursday","32","N,"N
"1487","Lunch Meats","N,"Lunch","Sunday","32","N,"N
"1488","Lunch Meats","N,"Lunch","Wednesday","32","N,"N
"1489","Lunch Meats","N,"Lunch","Friday","32","N,"N
"1490","Lunch Meats","N,"Lunch","Saturday","32","N,"N
"1491","Lunch Sides","N,"Lunch","Sunday","32","N,"N
"1492","Lunch Sides","N,"Lunch","Wednesday","32","N,"N
"1493","Lunch Sides","N,"Lunch","Monday","32","N,"N
"1494","Lunch Sides","N,"Lunch","Tuesday","32","N,"N
"1495","Lunch Sides","N,"Lunch","Friday","32","N,"N
"1496","Lunch Sides","N,"Lunch","Thursday","32","N,"N
"1497","Lunch Sides","N,"Lunch","Saturday","32","N,"N
"1498","Lunch Other","N,"Lunch","Sunday","32","N,"N
"1499","Lunch Other","N,"Lunch","Monday","32","N,"N
"1500","Lunch Other","N,"Lunch","Tuesday","32","N,"N
"1501","Lunch Other","N,"Lunch","Friday","32","N,"N
"1502","Lunch Other","N,"Lunch","Wednesday","32","N,"N
"1503","Lunch Other","N,"Lunch","Thursday","32","N,"N
"1504","Lunch Other","N,"Lunch","Saturday","32","N,"N
"1505","Dinner Meats","N,"Dinner","Sunday","32","N,"N
"1506","Dinner Meats","N,"Dinner","Monday","32","N,"N
"1507","Dinner Meats","N,"Dinner","Thursday","32","N,"N
"1508","Dinner Meats","N,"Dinner","Wednesday","32","N,"N
"1509","Dinner Meats","N,"Dinner","Friday","32","N,"N
"1510","Dinner Meats","N,"Dinner","Tuesday","32","N,"N
"1511","Dinner Meats","N,"Dinner","Saturday","32","N,"N
"1512","Dinner Sides","N,"Dinner","Sunday","32","N,"N
"1513","Dinner Sides","N,"Dinner","Monday","32","N,"N
"1514","Dinner Sides","N,"Dinner","Tuesday","32","N,"N
"1515","Dinner Sides","N,"Dinner","Wednesday","32","N,"N
"1516","Dinner Sides","N,"Dinner","Thursday","32","N,"N
"1517","Dinner Sides","N,"Dinner","Friday","32","N,"N
"1518","Dinner Sides","N,"Dinner","Saturday","32","N,"N
"1519","Dinner Other","N,"Dinner","Sunday","32","N,"N
"1520","Dinner Other","N,"Dinner","Monday","32","N,"N
"1521","Dinner Other","N,"Dinner","Tuesday","32","N,"N
"1522","Dinner Other","N,"Dinner","Wednesday","32","N,"N
"1523","Dinner Other","N,"Dinner","Thursday","32","N,"N
"1524","Dinner Other","N,"Dinner","Friday","32","N,"N
"1525","Dinner Other","N,"Dinner","Saturday","32","N,"N
"1526","Vegetable Trimmings","N,"Breakfast","Sunday","32","N,"N
"1527","Vegetable Trimmings","N,"Breakfast","Tuesday","32","N,"N
"1528","Vegetable Trimmings","N,"Breakfast","Monday","32","N,"N
"1529","Vegetable Trimmings","N,"Breakfast","Friday","32","N,"N
"1530","Vegetable Trimmings","N,"Breakfast","Wednesday","32","N,"N
"1531","Vegetable Trimmings","N,"Breakfast","Thursday","32","N,"N
"1532","Vegetable Trimmings","N,"Breakfast","Saturday","32","N,"N
"1533","Vegetable Trimmings","N,"Lunch","Sunday","32","N,"N
"1534","Vegetable Trimmings","N,"Lunch","Tuesday","32","N,"N
"1535","Vegetable Trimmings","N,"Lunch","Thursday","32","N,"N
"1536","Vegetable Trimmings","N,"Lunch","Friday","32","N,"N
"1537","Vegetable Trimmings","N,"Lunch","Monday","32","N,"N
"1538","Vegetable Trimmings","N,"Lunch","Wednesday","32","N,"N
"1539","Vegetable Trimmings","N,"Lunch","Saturday","32","N,"N
"1540","Vegetable Trimmings","N,"Dinner","Sunday","32","N,"N
"1541","Vegetable Trimmings","N,"Dinner","Monday","32","N,"N
"1542","Vegetable Trimmings","N,"Dinner","Tuesday","32","N,"N
"1543","Vegetable Trimmings","N,"Dinner","Wednesday","32","N,"N
"1544","Vegetable Trimmings","N,"Dinner","Thursday","32","N,"N
"1545","Vegetable Trimmings","N,"Dinner","Friday","32","N,"N
"1546","Vegetable Trimmings","N,"Dinner","Saturday","32","N,"N
"1547","Meat Trimmings","N,"Breakfast","Tuesday","32","N,"N
"1548","Meat Trimmings","N,"Breakfast","Sunday","32","N,"N
"1549","Meat Trimmings","N,"Breakfast","Monday","32","N,"N
"1550","Meat Trimmings","N,"Breakfast","Friday","32","N,"N
"1551","Meat Trimmings","N,"Breakfast","Wednesday","32","N,"N
"1552","Meat Trimmings","N,"Breakfast","Thursday","32","N,"N
"1553","Meat Trimmings","N,"Breakfast","Saturday","32","N,"N
"1554","Meat Trimmings","N,"Lunch","Sunday","32","N,"N
"1555","Meat Trimmings","N,"Lunch","Monday","32","N,"N
"1556","Meat Trimmings","N,"Lunch","Tuesday","32","N,"N
"1557","Meat Trimmings","N,"Lunch","Wednesday","32","N,"N
"1558","Meat Trimmings","N,"Lunch","Thursday","32","N,"N
"1559","Meat Trimmings","N,"Lunch","Friday","32","N,"N
"1560","Meat Trimmings","N,"Lunch","Saturday","32","N,"N
"1561","Meat Trimmings","N,"Dinner","Sunday","32","N,"N
"1562","Meat Trimmings","N,"Dinner","Tuesday","32","N,"N
"1563","Meat Trimmings","N,"Dinner","Monday","32","N,"N
"1564","Meat Trimmings","N,"Dinner","Wednesday","32","N,"N
"1565","Meat Trimmings","N,"Dinner","Friday","32","N,"N
"1566","Meat Trimmings","N,"Dinner","Thursday","32","N,"N
"1567","Meat Trimmings","N,"Dinner","Saturday","32","N,"N
"1568","Salad Bar Items","N,"Breakfast","Sunday","32","N,"N
"1569","Salad Bar Items","N,"Breakfast","Wednesday","32","N,"N
"1570","Salad Bar Items","N,"Breakfast","Tuesday","32","N,"N
"1571","Salad Bar Items","N,"Breakfast","Monday","32","N,"N
"1572","Salad Bar Items","N,"Breakfast","Friday","32","N,"N
"1573","Salad Bar Items","N,"Breakfast","Thursday","32","N,"N
"1574","Salad Bar Items","N,"Breakfast","Saturday","32","N,"N
"1575","Salad Bar Items","N,"Lunch","Sunday","32","N,"N
"1576","Salad Bar Items","N,"Lunch","Tuesday","32","N,"N
"1577","Salad Bar Items","N,"Lunch","Monday","32","N,"N
"1578","Salad Bar Items","N,"Lunch","Wednesday","32","N,"N
"1579","Salad Bar Items","N,"Lunch","Friday","32","N,"N
"1580","Salad Bar Items","N,"Lunch","Thursday","32","N,"N
"1581","Salad Bar Items","N,"Lunch","Saturday","32","N,"N
"1582","Salad Bar Items","N,"Dinner","Monday","32","N,"N
"1583","Salad Bar Items","N,"Dinner","Sunday","32","N,"N
"1584","Salad Bar Items","N,"Dinner","Tuesday","32","N,"N
"1585","Salad Bar Items","N,"Dinner","Thursday","32","N,"N
"1586","Salad Bar Items","N,"Dinner","Wednesday","32","N,"N
"1587","Salad Bar Items","N,"Dinner","Friday","32","N,"N
"1588","Salad Bar Items","N,"Dinner","Saturday","32","N,"N
"1589","Deli Items","N,"Breakfast","Sunday","32","N,"N
"1590","Deli Items","N,"Breakfast","Tuesday","32","N,"N
"1591","Deli Items","N,"Breakfast","Wednesday","32","N,"N
"1592","Deli Items","N,"Breakfast","Thursday","32","N,"N
"1593","Deli Items","N,"Breakfast","Monday","32","N,"N
"1594","Deli Items","N,"Breakfast","Friday","32","N,"N
"1595","Deli Items","N,"Breakfast","Saturday","32","N,"N
"1596","Deli Items","N,"Lunch","Sunday","32","N,"N
"1597","Deli Items","N,"Lunch","Monday","32","N,"N
"1598","Deli Items","N,"Lunch","Tuesday","32","N,"N
"1599","Deli Items","N,"Lunch","Wednesday","32","N,"N
"1600","Deli Items","N,"Lunch","Friday","32","N,"N
"1601","Deli Items","N,"Lunch","Thursday","32","N,"N
"1602","Deli Items","N,"Lunch","Saturday","32","N,"N
"1603","Deli Items","N,"Dinner","Monday","32","N,"N
"1604","Deli Items","N,"Dinner","Tuesday","32","N,"N
"1605","Deli Items","N,"Dinner","Sunday","32","N,"N
"1606","Deli Items","N,"Dinner","Friday","32","N,"N
"1607","Deli Items","N,"Dinner","Wednesday","32","N,"N
"1608","Deli Items","N,"Dinner","Thursday","32","N,"N
"1609","Deli Items","N,"Dinner","Saturday","32","N,"N
"1610","Soups","N,"Breakfast","Monday","32","N,"N
"1611","Soups","N,"Breakfast","Sunday","32","N,"N
"1612","Soups","N,"Breakfast","Tuesday","32","N,"N
"1613","Soups","N,"Breakfast","Friday","32","N,"N
"1614","Soups","N,"Breakfast","Thursday","32","N,"N
"1615","Soups","N,"Breakfast","Wednesday","32","N,"N
"1616","Soups","N,"Breakfast","Saturday","32","N,"N
"1617","Soups","N,"Lunch","Sunday","32","N,"N
"1618","Soups","N,"Lunch","Tuesday","32","N,"N
"1619","Soups","N,"Lunch","Friday","32","N,"N
"1620","Soups","N,"Lunch","Wednesday","32","N,"N
"1621","Soups","N,"Lunch","Monday","32","N,"N
"1622","Soups","N,"Lunch","Thursday","32","N,"N
"1623","Soups","N,"Lunch","Saturday","32","N,"N
"1624","Soups","N,"Dinner","Tuesday","32","N,"N
"1625","Soups","N,"Dinner","Sunday","32","N,"N
"1626","Soups","N,"Dinner","Monday","32","N,"N
"1627","Soups","N,"Dinner","Wednesday","32","N,"N
"1628","Soups","N,"Dinner","Thursday","32","N,"N
"1629","Soups","N,"Dinner","Friday","32","N,"N
"1630","Soups","N,"Dinner","Saturday","32","N,"N
"1631","Hot Breakfast Cereal","N,"Breakfast","Sunday","27","N,"N
"1632","Hot Breakfast Cereal","N,"Breakfast","Monday","27","N,"N
"1633","Hot Breakfast Cereal","N,"Breakfast","Tuesday","27","N,"N
"1634","Hot Breakfast Cereal","N,"Breakfast","Wednesday","27","N,"N
"1635","Hot Breakfast Cereal","N,"Breakfast","Thursday","27","N,"N
"1636","Hot Breakfast Cereal","N,"Breakfast","Friday","27","N,"N
"1637","Hot Breakfast Cereal","N,"Breakfast","Saturday","27","N,"N
"1638","Breakfast Entrees","N,"Breakfast","Sunday","27","N,"N
"1639","Breakfast Entrees","N,"Breakfast","Wednesday","27","N,"N
"1640","Breakfast Entrees","N,"Breakfast","Monday","27","N,"N
"1641","Breakfast Entrees","N,"Breakfast","Tuesday","27","N,"N
"1642","Breakfast Entrees","N,"Breakfast","Thursday","27","N,"N
"1643","Breakfast Entrees","N,"Breakfast","Friday","27","N,"N
"1644","Breakfast Entrees","N,"Breakfast","Saturday","27","N,"N
"1645","Morning Belgium Waffles","N,"Breakfast","Sunday","27","N,"N
"1646","Morning Belgium Waffles","N,"Breakfast","Monday","27","N,"N
"1647","Morning Belgium Waffles","N,"Breakfast","Tuesday","27","N,"N
"1648","Morning Belgium Waffles","N,"Breakfast","Thursday","27","N,"N
"1649","Morning Belgium Waffles","N,"Breakfast","Wednesday","27","N,"N
"1650","Morning Belgium Waffles","N,"Breakfast","Friday","27","N,"N
"1651","Morning Belgium Waffles","N,"Breakfast","Saturday","27","N,"N
"1652","Breakfast Meat","N,"Breakfast","Sunday","27","N,"N
"1653","Breakfast Meat","N,"Breakfast","Monday","27","N,"N
"1654","Breakfast Meat","N,"Breakfast","Wednesday","27","N,"N
"1655","Breakfast Meat","N,"Breakfast","Tuesday","27","N,"N
"1656","Breakfast Meat","N,"Breakfast","Friday","27","N,"N
"1657","Breakfast Meat","N,"Breakfast","Thursday","27","N,"N
"1658","Breakfast Meat","N,"Breakfast","Saturday","27","N,"N
"1659","Breakfast Potato","N,"Breakfast","Sunday","27","N,"N
"1660","Breakfast Potato","N,"Breakfast","Monday","27","N,"N
"1661","Breakfast Potato","N,"Breakfast","Wednesday","27","N,"N
"1662","Breakfast Potato","N,"Breakfast","Tuesday","27","N,"N
"1663","Breakfast Potato","N,"Breakfast","Thursday","27","N,"N
"1664","Breakfast Potato","N,"Breakfast","Friday","27","N,"N
"1665","Breakfast Potato","N,"Breakfast","Saturday","27","N,"N
"1666","Breakfast Fruit","N,"Breakfast","Sunday","27","N,"N
"1667","Breakfast Fruit","N,"Breakfast","Monday","27","N,"N
"1668","Breakfast Fruit","N,"Breakfast","Wednesday","27","N,"N
"1669","Breakfast Fruit","N,"Breakfast","Tuesday","27","N,"N
"1670","Breakfast Fruit","N,"Breakfast","Friday","27","N,"N
"1671","Breakfast Fruit","N,"Breakfast","Thursday","27","N,"N
"1672","Breakfast Fruit","N,"Breakfast","Saturday","27","N,"N
"1673","Breakfast Breads, Pastry & Toppings","N,"Breakfast","Tuesday","27","N,"N
"1674","Breakfast Breads, Pastry & Toppings","N,"Breakfast","Monday","27","N,"N
"1675","Breakfast Breads, Pastry & Toppings","N,"Breakfast","Sunday","27","N,"N
"1676","Breakfast Breads, Pastry & Toppings","N,"Breakfast","Wednesday","27","N,"N
"1677","Breakfast Breads, Pastry & Toppings","N,"Breakfast","Thursday","27","N,"N
"1678","Breakfast Breads, Pastry & Toppings","N,"Breakfast","Friday","27","N,"N
"1679","Breakfast Breads, Pastry & Toppings","N,"Breakfast","Saturday","27","N,"N
"1680","Salad Bar Fruit","N,"Breakfast","Monday","27","N,"N
"1681","Salad Bar Fruit","N,"Breakfast","Sunday","27","N,"N
"1682","Salad Bar Fruit","N,"Breakfast","Tuesday","27","N,"N
"1683","Salad Bar Fruit","N,"Breakfast","Friday","27","N,"N
"1684","Salad Bar Fruit","N,"Breakfast","Wednesday","27","N,"N
"1685","Salad Bar Fruit","N,"Breakfast","Thursday","27","N,"N
"1686","Salad Bar Fruit","N,"Breakfast","Saturday","27","N,"N
"1687","Hearty Soups","N,"Lunch","Sunday","27","N,"N
"1688","Hearty Soups","N,"Lunch","Monday","27","N,"N
"1689","Hearty Soups","N,"Lunch","Thursday","27","N,"N
"1690","Hearty Soups","N,"Lunch","Friday","27","N,"N
"1691","Hearty Soups","N,"Lunch","Wednesday","27","N,"N
"1692","Hearty Soups","N,"Lunch","Tuesday","27","N,"N
"1693","Hearty Soups","N,"Lunch","Saturday","27","N,"N
"1694","Lunch Entree","N,"Lunch","Sunday","27","N,"N
"1695","Lunch Entree","N,"Lunch","Monday","27","N,"N
"1696","Lunch Entree","N,"Lunch","Tuesday","27","N,"N
"1697","Lunch Entree","N,"Lunch","Wednesday","27","N,"N
"1698","Lunch Entree","N,"Lunch","Thursday","27","N,"N
"1699","Lunch Entree","N,"Lunch","Friday","27","N,"N
"1700","Lunch Entree","N,"Lunch","Saturday","27","N,"N
"1701","Late Lunch","N,"Lunch","Sunday","27","N,"N
"1702","Late Lunch","N,"Lunch","Wednesday","27","N,"N
"1703","Late Lunch","N,"Lunch","Monday","27","N,"N
"1704","Late Lunch","N,"Lunch","Thursday","27","N,"N
"1705","Late Lunch","N,"Lunch","Tuesday","27","N,"N
"1706","Late Lunch","N,"Lunch","Friday","27","N,"N
"1707","Late Lunch","N,"Lunch","Saturday","27","N,"N
"1708","Vegetarian","N,"Lunch","Tuesday","27","N,"N
"1709","Vegetarian","N,"Lunch","Monday","27","N,"N
"1710","Vegetarian","N,"Lunch","Wednesday","27","N,"N
"1711","Vegetarian","N,"Lunch","Sunday","27","N,"N
"1712","Vegetarian","N,"Lunch","Thursday","27","N,"N
"1713","Vegetarian","N,"Lunch","Friday","27","N,"N
"1714","Vegetarian","N,"Lunch","Saturday","27","N,"N
"1715","Grill Selections","N,"Lunch","Monday","27","N,"N
"1716","Grill Selections","N,"Lunch","Wednesday","27","N,"N
"1717","Grill Selections","N,"Lunch","Sunday","27","N,"N
"1718","Grill Selections","N,"Lunch","Tuesday","27","N,"N
"1719","Grill Selections","N,"Lunch","Thursday","27","N,"N
"1720","Grill Selections","N,"Lunch","Friday","27","N,"N
"1721","Grill Selections","N,"Lunch","Saturday","27","N,"N
"1722","Mexican Bar","N,"Lunch","Sunday","27","N,"N
"1723","Mexican Bar","N,"Lunch","Monday","27","N,"N
"1724","Mexican Bar","N,"Lunch","Tuesday","27","N,"N
"1725","Mexican Bar","N,"Lunch","Thursday","27","N,"N
"1726","Mexican Bar","N,"Lunch","Wednesday","27","N,"N
"1727","Mexican Bar","N,"Lunch","Friday","27","N,"N
"1728","Mexican Bar","N,"Lunch","Saturday","27","N,"N
"1729","Potato & Rice Accompaniments","N,"Lunch","Sunday","27","N,"N
"1730","Potato & Rice Accompaniments","N,"Lunch","Monday","27","N,"N
"1731","Potato & Rice Accompaniments","N,"Lunch","Thursday","27","N,"N
"1732","Potato & Rice Accompaniments","N,"Lunch","Tuesday","27","N,"N
"1733","Potato & Rice Accompaniments","N,"Lunch","Wednesday","27","N,"N
"1734","Potato & Rice Accompaniments","N,"Lunch","Friday","27","N,"N
"1735","Potato & Rice Accompaniments","N,"Lunch","Saturday","27","N,"N
"1736","Vegetables","N,"Lunch","Sunday","27","N,"N
"1737","Vegetables","N,"Lunch","Monday","27","N,"N
"1738","Vegetables","N,"Lunch","Tuesday","27","N,"N
"1739","Vegetables","N,"Lunch","Thursday","27","N,"N
"1740","Vegetables","N,"Lunch","Wednesday","27","N,"N
"1741","Vegetables","N,"Lunch","Friday","27","N,"N
"1742","Vegetables","N,"Lunch","Saturday","27","N,"N
"1743","Sauces, Gravies & Toppings","N,"Lunch","Sunday","27","N,"N
"1744","Sauces, Gravies & Toppings","N,"Lunch","Monday","27","N,"N
"1745","Sauces, Gravies & Toppings","N,"Lunch","Tuesday","27","N,"N
"1746","Sauces, Gravies & Toppings","N,"Lunch","Thursday","27","N,"N
"1747","Sauces, Gravies & Toppings","N,"Lunch","Wednesday","27","N,"N
"1748","Sauces, Gravies & Toppings","N,"Lunch","Friday","27","N,"N
"1749","Sauces, Gravies & Toppings","N,"Lunch","Saturday","27","N,"N
"1750","Pizza","N,"Lunch","Sunday","27","N,"N
"1751","Pizza","N,"Lunch","Monday","27","N,"N
"1752","Pizza","N,"Lunch","Tuesday","27","N,"N
"1753","Pizza","N,"Lunch","Thursday","27","N,"N
"1754","Pizza","N,"Lunch","Wednesday","27","N,"N
"1755","Pizza","N,"Lunch","Friday","27","N,"N
"1756","Pizza","N,"Lunch","Saturday","27","N,"N
"1757","Deli & Panini","N,"Lunch","Sunday","27","N,"N
"1758","Deli & Panini","N,"Lunch","Monday","27","N,"N
"1759","Deli & Panini","N,"Lunch","Friday","27","N,"N
"1760","Deli & Panini","N,"Lunch","Thursday","27","N,"N
"1761","Deli & Panini","N,"Lunch","Tuesday","27","N,"N
"1762","Deli & Panini","N,"Lunch","Wednesday","27","N,"N
"1763","Deli & Panini","N,"Lunch","Saturday","27","N,"N
"1764","Specialty Salads","N,"Lunch","Tuesday","27","N,"N
"1765","Specialty Salads","N,"Lunch","Monday","27","N,"N
"1766","Specialty Salads","N,"Lunch","Wednesday","27","N,"N
"1767","Specialty Salads","N,"Lunch","Thursday","27","N,"N
"1768","Specialty Salads","N,"Lunch","Sunday","27","N,"N
"1769","Specialty Salads","N,"Lunch","Friday","27","N,"N
"1770","Specialty Salads","N,"Lunch","Saturday","27","N,"N
"1771","Baked Fresh Desserts","N,"Lunch","Sunday","27","N,"N
"1772","Baked Fresh Desserts","N,"Lunch","Thursday","27","N,"N
"1773","Baked Fresh Desserts","N,"Lunch","Monday","27","N,"N
"1774","Baked Fresh Desserts","N,"Lunch","Tuesday","27","N,"N
"1775","Baked Fresh Desserts","N,"Lunch","Friday","27","N,"N
"1776","Baked Fresh Desserts","N,"Lunch","Wednesday","27","N,"N
"1777","Baked Fresh Desserts","N,"Lunch","Saturday","27","N,"N
"1778","Hearty Soups","N,"Dinner","Sunday","27","N,"N
"1779","Hearty Soups","N,"Dinner","Tuesday","27","N,"N
"1780","Hearty Soups","N,"Dinner","Wednesday","27","N,"N
"1781","Hearty Soups","N,"Dinner","Thursday","27","N,"N
"1782","Hearty Soups","N,"Dinner","Friday","27","N,"N
"1783","Hearty Soups","N,"Dinner","Monday","27","N,"N
"1784","Hearty Soups","N,"Dinner","Saturday","27","N,"N
"1785","Dinner Entrees","N,"Dinner","Sunday","27","N,"N
"1786","Dinner Entrees","N,"Dinner","Tuesday","27","N,"N
"1787","Dinner Entrees","N,"Dinner","Wednesday","27","N,"N
"1788","Dinner Entrees","N,"Dinner","Monday","27","N,"N
"1789","Dinner Entrees","N,"Dinner","Thursday","27","N,"N
"1790","Dinner Entrees","N,"Dinner","Friday","27","N,"N
"1791","Dinner Entrees","N,"Dinner","Saturday","27","N,"N
"1792","Vegetarian","N,"Dinner","Sunday","27","N,"N
"1793","Vegetarian","N,"Dinner","Tuesday","27","N,"N
"1794","Vegetarian","N,"Dinner","Monday","27","N,"N
"1795","Vegetarian","N,"Dinner","Wednesday","27","N,"N
"1796","Vegetarian","N,"Dinner","Friday","27","N,"N
"1797","Vegetarian","N,"Dinner","Thursday","27","N,"N
"1798","Vegetarian","N,"Dinner","Saturday","27","N,"N
"1799","Grill Selections","N,"Dinner","Sunday","27","N,"N
"1800","Grill Selections","N,"Dinner","Tuesday","27","N,"N
"1801","Grill Selections","N,"Dinner","Monday","27","N,"N
"1802","Grill Selections","N,"Dinner","Thursday","27","N,"N
"1803","Grill Selections","N,"Dinner","Friday","27","N,"N
"1804","Grill Selections","N,"Dinner","Wednesday","27","N,"N
"1805","Grill Selections","N,"Dinner","Saturday","27","N,"N
"1806","Pasta & Sauces","N,"Dinner","Sunday","27","N,"N
"1807","Pasta & Sauces","N,"Dinner","Monday","27","N,"N
"1808","Pasta & Sauces","N,"Dinner","Tuesday","27","N,"N
"1809","Pasta & Sauces","N,"Dinner","Thursday","27","N,"N
"1810","Pasta & Sauces","N,"Dinner","Wednesday","27","N,"N
"1811","Pasta & Sauces","N,"Dinner","Friday","27","N,"N
"1812","Pasta & Sauces","N,"Dinner","Saturday","27","N,"N
"1813","Potato & Rice Accompaniments","N,"Dinner","Sunday","27","N,"N
"1814","Potato & Rice Accompaniments","N,"Dinner","Wednesday","27","N,"N
"1815","Potato & Rice Accompaniments","N,"Dinner","Thursday","27","N,"N
"1816","Potato & Rice Accompaniments","N,"Dinner","Tuesday","27","N,"N
"1817","Potato & Rice Accompaniments","N,"Dinner","Monday","27","N,"N
"1818","Potato & Rice Accompaniments","N,"Dinner","Friday","27","N,"N
"1819","Potato & Rice Accompaniments","N,"Dinner","Saturday","27","N,"N
"1820","Vegetables","N,"Dinner","Sunday","27","N,"N
"1821","Vegetables","N,"Dinner","Wednesday","27","N,"N
"1822","Vegetables","N,"Dinner","Tuesday","27","N,"N
"1823","Vegetables","N,"Dinner","Thursday","27","N,"N
"1824","Vegetables","N,"Dinner","Monday","27","N,"N
"1825","Vegetables","N,"Dinner","Friday","27","N,"N
"1826","Vegetables","N,"Dinner","Saturday","27","N,"N
"1827","Pizza","N,"Dinner","Monday","27","N,"N
"1828","Pizza","N,"Dinner","Tuesday","27","N,"N
"1829","Pizza","N,"Dinner","Wednesday","27","N,"N
"1830","Pizza","N,"Dinner","Thursday","27","N,"N
"1831","Pizza","N,"Dinner","Sunday","27","N,"N
"1832","Pizza","N,"Dinner","Friday","27","N,"N
"1833","Pizza","N,"Dinner","Saturday","27","N,"N
"1834","Specialty Salads","N,"Dinner","Sunday","27","N,"N
"1835","Specialty Salads","N,"Dinner","Wednesday","27","N,"N
"1836","Specialty Salads","N,"Dinner","Tuesday","27","N,"N
"1837","Specialty Salads","N,"Dinner","Monday","27","N,"N
"1838","Specialty Salads","N,"Dinner","Thursday","27","N,"N
"1839","Specialty Salads","N,"Dinner","Friday","27","N,"N
"1840","Specialty Salads","N,"Dinner","Saturday","27","N,"N
"1841","Breads & Rolls","N,"Dinner","Sunday","27","N,"N
"1842","Breads & Rolls","N,"Dinner","Wednesday","27","N,"N
"1843","Breads & Rolls","N,"Dinner","Tuesday","27","N,"N
"1844","Breads & Rolls","N,"Dinner","Thursday","27","N,"N
"1845","Breads & Rolls","N,"Dinner","Friday","27","N,"N
"1846","Breads & Rolls","N,"Dinner","Monday","27","N,"N
"1847","Breads & Rolls","N,"Dinner","Saturday","27","N,"N
"1848","Baked Fresh Desserts","N,"Dinner","Sunday","27","N,"N
"1849","Baked Fresh Desserts","N,"Dinner","Tuesday","27","N,"N
"1850","Baked Fresh Desserts","N,"Dinner","Monday","27","N,"N
"1851","Baked Fresh Desserts","N,"Dinner","Thursday","27","N,"N
"1852","Baked Fresh Desserts","N,"Dinner","Wednesday","27","N,"N
"1853","Baked Fresh Desserts","N,"Dinner","Friday","27","N,"N
"1854","Baked Fresh Desserts","N,"Dinner","Saturday","27","N,"N
"1898","Fruit Trimmings","N,"Breakfast","Tuesday","32","N,"N
"1899","Fruit Trimmings","N,"Breakfast","Wednesday","32","N,"N
"1900","Fruit Trimmings","N,"Breakfast","Monday","32","N,"N
"1901","Fruit Trimmings","N,"Breakfast","Sunday","32","N,"N
"1902","Fruit Trimmings","N,"Breakfast","Friday","32","N,"N
"1903","Fruit Trimmings","N,"Breakfast","Thursday","32","N,"N
"1904","Fruit Trimmings","N,"Breakfast","Saturday","32","N,"N
"1905","Fruit Trimmings","N,"Lunch","Monday","32","N,"N
"1906","Fruit Trimmings","N,"Lunch","Tuesday","32","N,"N
"1907","Fruit Trimmings","N,"Lunch","Wednesday","32","N,"N
"1908","Fruit Trimmings","N,"Lunch","Sunday","32","N,"N
"1909","Fruit Trimmings","N,"Lunch","Friday","32","N,"N
"1910","Fruit Trimmings","N,"Lunch","Thursday","32","N,"N
"1911","Fruit Trimmings","N,"Lunch","Saturday","32","N,"N
"1912","Fruit Trimmings","N,"Dinner","Wednesday","32","N,"N
"1913","Fruit Trimmings","N,"Dinner","Monday","32","N,"N
"1914","Fruit Trimmings","N,"Dinner","Tuesday","32","N,"N
"1915","Fruit Trimmings","N,"Dinner","Sunday","32","N,"N
"1916","Fruit Trimmings","N,"Dinner","Thursday","32","N,"N
"1917","Fruit Trimmings","N,"Dinner","Friday","32","N,"N
"1918","Fruit Trimmings","N,"Dinner","Saturday","32","N,"N
"1919","Soup","N,"Breakfast","Sunday","21","N,"N
"1920","Soup","N,"Breakfast","Tuesday","21","N,"N
"1921","Soup","N,"Breakfast","Monday","21","N,"N
"1922","Soup","N,"Breakfast","Thursday","21","N,"N
"1923","Soup","N,"Breakfast","Wednesday","21","N,"N
"1924","Soup","N,"Breakfast","Friday","21","N,"N
"1925","Soup","N,"Breakfast","Saturday","21","N,"N
"1926","Soup","N,"Lunch","Sunday","21","N,"N
"1927","Soup","N,"Lunch","Monday","21","N,"N
"1928","Soup","N,"Lunch","Tuesday","21","N,"N
"1929","Soup","N,"Lunch","Wednesday","21","N,"N
"1930","Soup","N,"Lunch","Thursday","21","N,"N
"1931","Soup","N,"Lunch","Friday","21","N,"N
"1932","Soup","N,"Lunch","Saturday","21","N,"N
"1933","Soup","N,"Dinner","Sunday","21","N,"N
"1934","Soup","N,"Dinner","Monday","21","N,"N
"1935","Soup","N,"Dinner","Tuesday","21","N,"N
"1936","Soup","N,"Dinner","Friday","21","N,"N
"1937","Soup","N,"Dinner","Thursday","21","N,"N
"1938","Soup","N,"Dinner","Wednesday","21","N,"N
"1939","Soup","N,"Dinner","Saturday","21","N,"N
"1940","Pasta","N,"Breakfast","Monday","21","N,"N
"1941","Pasta","N,"Breakfast","Sunday","21","N,"N
"1942","Pasta","N,"Breakfast","Wednesday","21","N,"N
"1943","Pasta","N,"Breakfast","Tuesday","21","N,"N
"1944","Pasta","N,"Breakfast","Friday","21","N,"N
"1945","Pasta","N,"Breakfast","Thursday","21","N,"N
"1946","Pasta","N,"Breakfast","Saturday","21","N,"N
"1947","Pasta","N,"Lunch","Sunday","21","N,"N
"1948","Pasta","N,"Lunch","Tuesday","21","N,"N
"1949","Pasta","N,"Lunch","Monday","21","N,"N
"1950","Pasta","N,"Lunch","Wednesday","21","N,"N
"1951","Pasta","N,"Lunch","Friday","21","N,"N
"1952","Pasta","N,"Lunch","Thursday","21","N,"N
"1953","Pasta","N,"Lunch","Saturday","21","N,"N
"1954","Pasta","N,"Dinner","Sunday","21","N,"N
"1955","Pasta","N,"Dinner","Monday","21","N,"N
"1956","Pasta","N,"Dinner","Tuesday","21","N,"N
"1957","Pasta","N,"Dinner","Wednesday","21","N,"N
"1958","Pasta","N,"Dinner","Thursday","21","N,"N
"1959","Pasta","N,"Dinner","Friday","21","N,"N
"1960","Pasta","N,"Dinner","Saturday","21","N,"N
"1961","Chicken","N,"Breakfast","Sunday","21","N,"N
"1962","Chicken","N,"Breakfast","Monday","21","N,"N
"1963","Chicken","N,"Breakfast","Tuesday","21","N,"N
"1964","Chicken","N,"Breakfast","Wednesday","21","N,"N
"1965","Chicken","N,"Breakfast","Thursday","21","N,"N
"1966","Chicken","N,"Breakfast","Friday","21","N,"N
"1967","Chicken","N,"Breakfast","Saturday","21","N,"N
"1968","Chicken","N,"Lunch","Sunday","21","N,"N
"1969","Chicken","N,"Lunch","Tuesday","21","N,"N
"1970","Chicken","N,"Lunch","Monday","21","N,"N
"1971","Chicken","N,"Lunch","Wednesday","21","N,"N
"1972","Chicken","N,"Lunch","Thursday","21","N,"N
"1973","Chicken","N,"Lunch","Friday","21","N,"N
"1974","Chicken","N,"Lunch","Saturday","21","N,"N
"1975","Chicken","N,"Dinner","Monday","21","N,"N
"1976","Chicken","N,"Dinner","Sunday","21","N,"N
"1977","Chicken","N,"Dinner","Tuesday","21","N,"N
"1978","Chicken","N,"Dinner","Thursday","21","N,"N
"1979","Chicken","N,"Dinner","Wednesday","21","N,"N
"1980","Chicken","N,"Dinner","Friday","21","N,"N
"1981","Chicken","N,"Dinner","Saturday","21","N,"N
"1982","Pizza","N,"Breakfast","Sunday","21","N,"N
"1983","Pizza","N,"Breakfast","Monday","21","N,"N
"1984","Pizza","N,"Breakfast","Tuesday","21","N,"N
"1985","Pizza","N,"Breakfast","Thursday","21","N,"N
"1986","Pizza","N,"Breakfast","Friday","21","N,"N
"1987","Pizza","N,"Breakfast","Wednesday","21","N,"N
"1988","Pizza","N,"Breakfast","Saturday","21","N,"N
"1989","Pizza","N,"Lunch","Sunday","21","N,"N
"1990","Pizza","N,"Lunch","Monday","21","N,"N
"1991","Pizza","N,"Lunch","Tuesday","21","N,"N
"1992","Pizza","N,"Lunch","Wednesday","21","N,"N
"1993","Pizza","N,"Lunch","Thursday","21","N,"N
"1994","Pizza","N,"Lunch","Friday","21","N,"N
"1995","Pizza","N,"Lunch","Saturday","21","N,"N
"1996","Pizza","N,"Dinner","Sunday","21","N,"N
"1997","Pizza","N,"Dinner","Thursday","21","N,"N
"1998","Pizza","N,"Dinner","Friday","21","N,"N
"1999","Pizza","N,"Dinner","Monday","21","N,"N
"2000","Pizza","N,"Dinner","Tuesday","21","N,"N
"2001","Pizza","N,"Dinner","Wednesday","21","N,"N
"2002","Pizza","N,"Dinner","Saturday","21","N,"N
"2003","Potatoes","N,"Breakfast","Sunday","21","N,"N
"2004","Potatoes","N,"Breakfast","Monday","21","N,"N
"2005","Potatoes","N,"Breakfast","Tuesday","21","N,"N
"2006","Potatoes","N,"Breakfast","Wednesday","21","N,"N
"2007","Potatoes","N,"Breakfast","Friday","21","N,"N
"2008","Potatoes","N,"Breakfast","Thursday","21","N,"N
"2009","Potatoes","N,"Breakfast","Saturday","21","N,"N
"2010","Potatoes","N,"Lunch","Sunday","21","N,"N
"2011","Potatoes","N,"Lunch","Monday","21","N,"N
"2012","Potatoes","N,"Lunch","Wednesday","21","N,"N
"2013","Potatoes","N,"Lunch","Thursday","21","N,"N
"2014","Potatoes","N,"Lunch","Tuesday","21","N,"N
"2015","Potatoes","N,"Lunch","Friday","21","N,"N
"2016","Potatoes","N,"Lunch","Saturday","21","N,"N
"2017","Potatoes","N,"Dinner","Sunday","21","N,"N
"2018","Potatoes","N,"Dinner","Monday","21","N,"N
"2019","Potatoes","N,"Dinner","Tuesday","21","N,"N
"2020","Potatoes","N,"Dinner","Wednesday","21","N,"N
"2021","Potatoes","N,"Dinner","Thursday","21","N,"N
"2022","Potatoes","N,"Dinner","Friday","21","N,"N
"2023","Potatoes","N,"Dinner","Saturday","21","N,"N
"2024","Rice","N,"Breakfast","Sunday","21","N,"N
"2025","Rice","N,"Breakfast","Monday","21","N,"N
"2026","Rice","N,"Breakfast","Tuesday","21","N,"N
"2027","Rice","N,"Breakfast","Thursday","21","N,"N
"2028","Rice","N,"Breakfast","Wednesday","21","N,"N
"2029","Rice","N,"Breakfast","Friday","21","N,"N
"2030","Rice","N,"Breakfast","Saturday","21","N,"N
"2031","Rice","N,"Lunch","Sunday","21","N,"N
"2032","Rice","N,"Lunch","Monday","21","N,"N
"2033","Rice","N,"Lunch","Wednesday","21","N,"N
"2034","Rice","N,"Lunch","Tuesday","21","N,"N
"2035","Rice","N,"Lunch","Thursday","21","N,"N
"2036","Rice","N,"Lunch","Friday","21","N,"N
"2037","Rice","N,"Lunch","Saturday","21","N,"N
"2038","Rice","N,"Dinner","Monday","21","N,"N
"2039","Rice","N,"Dinner","Sunday","21","N,"N
"2040","Rice","N,"Dinner","Wednesday","21","N,"N
"2041","Rice","N,"Dinner","Thursday","21","N,"N
"2042","Rice","N,"Dinner","Tuesday","21","N,"N
"2043","Rice","N,"Dinner","Friday","21","N,"N
"2044","Rice","N,"Dinner","Saturday","21","N,"N
"2045","Pork","N,"Breakfast","Sunday","21","N,"N
"2046","Pork","N,"Breakfast","Monday","21","N,"N
"2047","Pork","N,"Breakfast","Tuesday","21","N,"N
"2048","Pork","N,"Breakfast","Wednesday","21","N,"N
"2049","Pork","N,"Breakfast","Thursday","21","N,"N
"2050","Pork","N,"Breakfast","Friday","21","N,"N
"2051","Pork","N,"Breakfast","Saturday","21","N,"N
"2052","Pork","N,"Lunch","Sunday","21","N,"N
"2053","Pork","N,"Lunch","Monday","21","N,"N
"2054","Pork","N,"Lunch","Tuesday","21","N,"N
"2055","Pork","N,"Lunch","Thursday","21","N,"N
"2056","Pork","N,"Lunch","Wednesday","21","N,"N
"2057","Pork","N,"Lunch","Friday","21","N,"N
"2058","Pork","N,"Lunch","Saturday","21","N,"N
"2059","Pork","N,"Dinner","Sunday","21","N,"N
"2060","Pork","N,"Dinner","Tuesday","21","N,"N
"2061","Pork","N,"Dinner","Monday","21","N,"N
"2062","Pork","N,"Dinner","Wednesday","21","N,"N
"2063","Pork","N,"Dinner","Thursday","21","N,"N
"2064","Pork","N,"Dinner","Friday","21","N,"N
"2065","Pork","N,"Dinner","Saturday","21","N,"N
"2066","Chicken Dumpling","N,"Breakfast","Monday","21","N,"N
"2067","Chicken Dumpling","N,"Breakfast","Friday","21","N,"N
"2068","Chicken Dumpling","N,"Breakfast","Tuesday","21","N,"N
"2069","Chicken Dumpling","N,"Breakfast","Wednesday","21","N,"N
"2070","Chicken Dumpling","N,"Breakfast","Sunday","21","N,"N
"2071","Chicken Dumpling","N,"Breakfast","Thursday","21","N,"N
"2072","Chicken Dumpling","N,"Breakfast","Saturday","21","N,"N
"2073","Chicken Dumpling","N,"Lunch","Monday","21","N,"N
"2074","Chicken Dumpling","N,"Lunch","Tuesday","21","N,"N
"2075","Chicken Dumpling","N,"Lunch","Sunday","21","N,"N
"2076","Chicken Dumpling","N,"Lunch","Friday","21","N,"N
"2077","Chicken Dumpling","N,"Lunch","Thursday","21","N,"N
"2078","Chicken Dumpling","N,"Lunch","Wednesday","21","N,"N
"2079","Chicken Dumpling","N,"Lunch","Saturday","21","N,"N
"2080","Chicken Dumpling","N,"Dinner","Sunday","21","N,"N
"2081","Chicken Dumpling","N,"Dinner","Monday","21","N,"N
"2082","Chicken Dumpling","N,"Dinner","Tuesday","21","N,"N
"2083","Chicken Dumpling","N,"Dinner","Wednesday","21","N,"N
"2084","Chicken Dumpling","N,"Dinner","Friday","21","N,"N
"2085","Chicken Dumpling","N,"Dinner","Thursday","21","N,"N
"2086","Chicken Dumpling","N,"Dinner","Saturday","21","N,"N
"2087","Turkey","N,"Breakfast","Sunday","21","N,"N
"2088","Turkey","N,"Breakfast","Monday","21","N,"N
"2089","Turkey","N,"Breakfast","Tuesday","21","N,"N
"2090","Turkey","N,"Breakfast","Wednesday","21","N,"N
"2091","Turkey","N,"Breakfast","Friday","21","N,"N
"2092","Turkey","N,"Breakfast","Thursday","21","N,"N
"2093","Turkey","N,"Breakfast","Saturday","21","N,"N
"2094","Turkey","N,"Lunch","Sunday","21","N,"N
"2095","Turkey","N,"Lunch","Tuesday","21","N,"N
"2096","Turkey","N,"Lunch","Wednesday","21","N,"N
"2097","Turkey","N,"Lunch","Monday","21","N,"N
"2098","Turkey","N,"Lunch","Thursday","21","N,"N
"2099","Turkey","N,"Lunch","Friday","21","N,"N
"2100","Turkey","N,"Lunch","Saturday","21","N,"N
"2101","Turkey","N,"Dinner","Monday","21","N,"N
"2102","Turkey","N,"Dinner","Sunday","21","N,"N
"2103","Turkey","N,"Dinner","Tuesday","21","N,"N
"2104","Turkey","N,"Dinner","Wednesday","21","N,"N
"2105","Turkey","N,"Dinner","Friday","21","N,"N
"2106","Turkey","N,"Dinner","Thursday","21","N,"N
"2107","Turkey","N,"Dinner","Saturday","21","N,"N
"2108","Beans","N,"Breakfast","Monday","21","N,"N
"2109","Beans","N,"Breakfast","Sunday","21","N,"N
"2110","Beans","N,"Breakfast","Tuesday","21","N,"N
"2111","Beans","N,"Breakfast","Wednesday","21","N,"N
"2112","Beans","N,"Breakfast","Friday","21","N,"N
"2113","Beans","N,"Breakfast","Thursday","21","N,"N
"2114","Beans","N,"Breakfast","Saturday","21","N,"N
"2115","Beans","N,"Lunch","Sunday","21","N,"N
"2116","Beans","N,"Lunch","Tuesday","21","N,"N
"2117","Beans","N,"Lunch","Monday","21","N,"N
"2118","Beans","N,"Lunch","Friday","21","N,"N
"2119","Beans","N,"Lunch","Wednesday","21","N,"N
"2120","Beans","N,"Lunch","Thursday","21","N,"N
"2121","Beans","N,"Lunch","Saturday","21","N,"N
"2122","Beans","N,"Dinner","Sunday","21","N,"N
"2123","Beans","N,"Dinner","Tuesday","21","N,"N
"2124","Beans","N,"Dinner","Monday","21","N,"N
"2125","Beans","N,"Dinner","Thursday","21","N,"N
"2126","Beans","N,"Dinner","Wednesday","21","N,"N
"2127","Beans","N,"Dinner","Friday","21","N,"N
"2128","Beans","N,"Dinner","Saturday","21","N,"N
"2129","Dessert","N,"Breakfast","Sunday","21","N,"N
"2130","Dessert","N,"Breakfast","Tuesday","21","N,"N
"2131","Dessert","N,"Breakfast","Monday","21","N,"N
"2132","Dessert","N,"Breakfast","Friday","21","N,"N
"2133","Dessert","N,"Breakfast","Thursday","21","N,"N
"2134","Dessert","N,"Breakfast","Saturday","21","N,"N
"2135","Dessert","N,"Breakfast","Wednesday","21","N,"N
"2136","Dessert","N,"Lunch","Sunday","21","N,"N
"2137","Dessert","N,"Lunch","Tuesday","21","N,"N
"2138","Dessert","N,"Lunch","Monday","21","N,"N
"2139","Dessert","N,"Lunch","Wednesday","21","N,"N
"2140","Dessert","N,"Lunch","Thursday","21","N,"N
"2141","Dessert","N,"Lunch","Friday","21","N,"N
"2142","Dessert","N,"Lunch","Saturday","21","N,"N
"2143","Dessert","N,"Dinner","Sunday","21","N,"N
"2144","Dessert","N,"Dinner","Tuesday","21","N,"N
"2145","Dessert","N,"Dinner","Monday","21","N,"N
"2146","Dessert","N,"Dinner","Thursday","21","N,"N
"2147","Dessert","N,"Dinner","Wednesday","21","N,"N
"2148","Dessert","N,"Dinner","Friday","21","N,"N
"2149","Dessert","N,"Dinner","Saturday","21","N,"N
"2150","Vegetables","N,"Breakfast","Sunday","21","N,"N
"2151","Vegetables","N,"Breakfast","Monday","21","N,"N
"2152","Vegetables","N,"Breakfast","Tuesday","21","N,"N
"2153","Vegetables","N,"Breakfast","Wednesday","21","N,"N
"2154","Vegetables","N,"Breakfast","Thursday","21","N,"N
"2155","Vegetables","N,"Breakfast","Friday","21","N,"N
"2156","Vegetables","N,"Breakfast","Saturday","21","N,"N
"2157","Vegetables","N,"Lunch","Sunday","21","N,"N
"2158","Vegetables","N,"Lunch","Tuesday","21","N,"N
"2159","Vegetables","N,"Lunch","Monday","21","N,"N
"2160","Vegetables","N,"Lunch","Wednesday","21","N,"N
"2161","Vegetables","N,"Lunch","Thursday","21","N,"N
"2162","Vegetables","N,"Lunch","Friday","21","N,"N
"2163","Vegetables","N,"Lunch","Saturday","21","N,"N
"2164","Vegetables","N,"Dinner","Sunday","21","N,"N
"2165","Vegetables","N,"Dinner","Monday","21","N,"N
"2166","Vegetables","N,"Dinner","Tuesday","21","N,"N
"2167","Vegetables","N,"Dinner","Thursday","21","N,"N
"2168","Vegetables","N,"Dinner","Friday","21","N,"N
"2169","Vegetables","N,"Dinner","Wednesday","21","N,"N
"2170","Vegetables","N,"Dinner","Saturday","21","N,"N
"2171","Test Item","N,"Breakfast","Monday","41","N,"N
